symbol,display_name
002385.SZ,大北农
300437.SZ,清水源
603214.SH,爱婴室
002849.SZ,威星智能
002004.SZ,华邦健康
600854.SH,春兰股份
002300.SZ,太阳电缆
600894.SH,广日股份
600283.SH,钱江水利
600303.SH,曙光股份
600571.SH,信雅达
603669.SH,灵康药业
603617.SH,君禾股份
300244.SZ,迪安诊断
300622.SZ,博士眼镜
300273.SZ,和佳股份
002765.SZ,蓝黛传动
000705.SZ,浙江震元
002714.SZ,牧原股份
300213.SZ,佳讯飞鸿
002419.SZ,天虹股份
600348.SH,阳泉煤业
601369.SH,陕鼓动力
300702.SZ,天宇股份
603799.SH,华友钴业
600435.SH,北方导航
603385.SH,惠达卫浴
600196.SH,复星医药
001696.SZ,宗申动力
000536.SZ,华映科技
000789.SZ,万年青
600491.SH,龙元建设
600335.SH,国机汽车
002022.SZ,科华生物
601388.SH,怡球资源
300761.SZ,立华股份
300593.SZ,新雷能
600433.SH,冠豪高新
600641.SH,万业企业
600207.SH,安彩高科
300033.SZ,同花顺
300262.SZ,巴安水务
300720.SZ,海川智能
002855.SZ,捷荣技术
002705.SZ,新宝股份
002539.SZ,云图控股
600192.SH,长城电工
000488.SZ,晨鸣纸业
300660.SZ,江苏雷利
300462.SZ,华铭智能
603020.SH,爱普股份
002707.SZ,众信旅游
002163.SZ,中航三鑫
600547.SH,山东黄金
601018.SH,宁波港
300560.SZ,中富通
000719.SZ,中原传媒
000778.SZ,新兴铸管
300293.SZ,蓝英装备
600701.SH,*ST工新
002193.SZ,如意集团
300461.SZ,田中精机
300483.SZ,沃施股份
603676.SH,卫信康
600137.SH,浪莎股份
600692.SH,亚通股份
300388.SZ,国祯环保
002148.SZ,北纬科技
300533.SZ,冰川网络
002578.SZ,闽发铝业
000828.SZ,东莞控股
600299.SH,安迪苏
000933.SZ,神火股份
300697.SZ,电工合金
000513.SZ,丽珠集团
002806.SZ,华锋股份
300234.SZ,开尔新材
600830.SH,香溢融通
300043.SZ,星辉娱乐
300407.SZ,凯发电气
002683.SZ,宏大爆破
600567.SH,山鹰纸业
000951.SZ,中国重汽
300059.SZ,东方财富
300474.SZ,景嘉微
603477.SH,振静股份
300417.SZ,南华仪器
601001.SH,大同煤业
600496.SH,精工钢构
300390.SZ,天华超净
300208.SZ,青岛中程
000623.SZ,吉林敖东
603706.SH,东方环宇
600158.SH,中体产业
300021.SZ,大禹节水
300424.SZ,航新科技
300052.SZ,中青宝
000554.SZ,泰山石油
002005.SZ,*ST德豪
600368.SH,五洲交通
603169.SH,兰石重装
002883.SZ,中设股份
600316.SH,洪都航空
300294.SZ,博雅生物
600387.SH,海越能源
002368.SZ,太极股份
002316.SZ,亚联发展
600689.SH,上海三毛
603609.SH,禾丰牧业
002592.SZ,八菱科技
002490.SZ,山东墨龙
300030.SZ,阳普医疗
002435.SZ,长江润发
002335.SZ,科华恒盛
300188.SZ,美亚柏科
002819.SZ,东方中科
000707.SZ,ST双环
300395.SZ,菲利华
603618.SH,杭电股份
000505.SZ,京粮控股
600873.SH,梅花生物
603043.SH,广州酒家
300121.SZ,阳谷华泰
002545.SZ,东方铁塔
600097.SH,开创国际
002307.SZ,北新路桥
000932.SZ,华菱钢铁
603387.SH,基蛋生物
002483.SZ,润邦股份
000509.SZ,华塑控股
000783.SZ,长江证券
300741.SZ,华宝股份
002582.SZ,好想你
300226.SZ,上海钢联
002905.SZ,金逸影视
601058.SH,赛轮轮胎
601216.SH,君正集团
300592.SZ,华凯创意
300310.SZ,宜通世纪
600850.SH,华东电脑
000415.SZ,渤海租赁
000997.SZ,新大陆
600203.SH,福日电子
603023.SH,威帝股份
603657.SH,春光科技
300701.SZ,森霸传感
300155.SZ,安居宝
300405.SZ,科隆股份
600757.SH,长江传媒
603108.SH,润达医疗
300557.SZ,理工光科
000831.SZ,五矿稀土
603855.SH,华荣股份
600478.SH,科力远
600135.SH,乐凯胶片
300013.SZ,新宁物流
002440.SZ,闰土股份
601607.SH,上海医药
300257.SZ,开山股份
300218.SZ,安利股份
603637.SH,镇海股份
600593.SH,大连圣亚
300261.SZ,雅本化学
002353.SZ,杰瑞股份
002548.SZ,金新农
002371.SZ,北方华创
000938.SZ,紫光股份
603301.SH,振德医疗
600052.SH,浙江广厦
002677.SZ,浙江美大
002574.SZ,明牌珠宝
002824.SZ,和胜股份
300588.SZ,熙菱信息
000595.SZ,宝塔实业
000735.SZ,罗牛山
002269.SZ,美邦服饰
600807.SH,ST天业
300465.SZ,高伟达
300023.SZ,宝德股份
600962.SH,国投中鲁
603888.SH,新华网
002410.SZ,广联达
002622.SZ,融钰集团
603259.SH,药明康德
000632.SZ,三木集团
300049.SZ,福瑞股份
603158.SH,腾龙股份
002621.SZ,美吉姆
300682.SZ,朗新科技
000830.SZ,鲁西化工
002003.SZ,伟星股份
600908.SH,无锡银行
600306.SH,商业城
603638.SH,艾迪精密
000410.SZ,沈阳机床
000698.SZ,沈阳化工
000662.SZ,天夏智慧
300480.SZ,光力科技
300134.SZ,大富科技
603667.SH,五洲新春
002444.SZ,巨星科技
002344.SZ,海宁皮城
000792.SZ,*ST盐湖
603168.SH,莎普爱思
600233.SH,圆通速递
002242.SZ,九阳股份
600345.SH,长江通信
300353.SZ,东土科技
600557.SH,康缘药业
600870.SH,ST厦华
002543.SZ,万和电气
002358.SZ,森源电气
002170.SZ,芭田股份
000819.SZ,岳阳兴长
002450.SZ,*ST康得
300123.SZ,亚光科技
601717.SH,郑煤机
000100.SZ,TCL集团
603557.SH,起步股份
603039.SH,泛微网络
300093.SZ,金刚玻璃
600132.SH,重庆啤酒
002084.SZ,海鸥住工
603007.SH,花王股份
300356.SZ,光一科技
601598.SH,中国外运
000732.SZ,泰禾集团
300107.SZ,建新股份
002354.SZ,天神娱乐
600439.SH,瑞贝卡
000988.SZ,华工科技
600712.SH,南宁百货
002313.SZ,日海智能
002220.SZ,天宝食品
000728.SZ,国元证券
603159.SH,上海亚虹
002723.SZ,金莱特
600231.SH,凌钢股份
002345.SZ,潮宏基
002811.SZ,亚泰国际
002833.SZ,弘亚数控
000153.SZ,丰原药业
300296.SZ,利亚德
300743.SZ,天地数码
002080.SZ,中材科技
600282.SH,南钢股份
600213.SH,亚星客车
002369.SZ,卓翼科技
600601.SH,方正科技
603011.SH,合锻智能
600184.SH,光电股份
000837.SZ,秦川机床
300308.SZ,中际旭创
600114.SH,东睦股份
300085.SZ,银之杰
601020.SH,华钰矿业
600758.SH,红阳能源
600273.SH,嘉化能源
300135.SZ,宝利国际
601208.SH,东材科技
300772.SZ,运达股份
601555.SH,东吴证券
002609.SZ,捷顺科技
002601.SZ,龙蟒佰利
603016.SH,新宏泰
300421.SZ,力星股份
000848.SZ,承德露露
300359.SZ,全通教育
603789.SH,星光农机
603506.SH,南都物业
300306.SZ,远方信息
300334.SZ,津膜科技
600623.SH,华谊集团
000899.SZ,赣能股份
300391.SZ,康跃科技
000709.SZ,河钢股份
002711.SZ,*ST欧浦
002152.SZ,广电运通
000523.SZ,广州浪奇
000545.SZ,金浦钛业
002070.SZ,*ST众和
000919.SZ,金陵药业
603229.SH,奥翔药业
300428.SZ,四通新材
000520.SZ,长航凤凰
002143.SZ,*ST印纪
300241.SZ,瑞丰光电
300209.SZ,天泽信息
300022.SZ,吉峰科技
600319.SH,亚星化学
600525.SH,长园集团
002615.SZ,哈尔斯
601997.SH,贵阳银行
600642.SH,申能股份
000877.SZ,天山股份
002485.SZ,希努尔
600271.SH,航天信息
603559.SH,中通国脉
000504.SZ,*ST生物
600267.SH,海正药业
002018.SZ,*ST华信
300158.SZ,振东制药
002186.SZ,全聚德
000761.SZ,本钢板材
000005.SZ,世纪星源
300095.SZ,华伍股份
002648.SZ,卫星石化
000995.SZ,*ST皇台
002256.SZ,兆新股份
002049.SZ,紫光国微
300286.SZ,安科瑞
002736.SZ,国信证券
002367.SZ,康力电梯
600460.SH,士兰微
603416.SH,信捷电气
000612.SZ,焦作万方
000976.SZ,华铁股份
601678.SH,滨化股份
601228.SH,广州港
300133.SZ,华策影视
300559.SZ,佳发教育
601858.SH,中国科传
600881.SH,亚泰集团
300116.SZ,坚瑞沃能
000887.SZ,中鼎股份
002238.SZ,天威视讯
300284.SZ,苏交科
601086.SH,国芳集团
002039.SZ,黔源电力
002228.SZ,合兴包装
002604.SZ,*ST龙力
300547.SZ,川环科技
300473.SZ,德尔股份
002320.SZ,海峡股份
002304.SZ,洋河股份
002477.SZ,*ST雏鹰
002585.SZ,双星新材
002777.SZ,久远银海
300076.SZ,GQY视讯
600618.SH,氯碱化工
000065.SZ,北方国际
603328.SH,依顿电子
600115.SH,东方航空
300090.SZ,盛运环保
600083.SH,博信股份
002061.SZ,浙江交科
300366.SZ,创意信息
002919.SZ,名臣健康
600608.SH,ST沪科
000090.SZ,天健集团
603456.SH,九洲药业
300410.SZ,正业科技
603999.SH,读者传媒
002406.SZ,远东传动
000576.SZ,广东甘化
600242.SH,中昌数据
300193.SZ,佳士科技
600550.SH,保变电气
002501.SZ,*ST利源
300055.SZ,万邦达
002551.SZ,尚荣医疗
300494.SZ,盛天网络
300512.SZ,中亚股份
300047.SZ,天源迪科
603767.SH,中马传动
300566.SZ,激智科技
002420.SZ,*ST毅昌
000060.SZ,中金岭南
601968.SH,宝钢包装
300200.SZ,高盟新材
000889.SZ,中嘉博创
000564.SZ,供销大集
002417.SZ,深南股份
002881.SZ,美格智能
002215.SZ,诺普信
603998.SH,方盛制药
300459.SZ,金科文化
300749.SZ,顶固集创
300129.SZ,泰胜风能
600789.SH,鲁抗医药
300064.SZ,豫金刚石
002730.SZ,电光科技
300042.SZ,朗科科技
300182.SZ,捷成股份
603739.SH,蔚蓝生物
000757.SZ,浩物股份
300292.SZ,吴通控股
300127.SZ,银河磁体
002337.SZ,赛象科技
002670.SZ,国盛金控
603166.SH,福达股份
000498.SZ,山东路桥
300180.SZ,华峰超纤
002312.SZ,三泰控股
300011.SZ,鼎汉技术
002138.SZ,顺络电子
300731.SZ,科创新源
002660.SZ,茂硕电源
300401.SZ,花园生物
300287.SZ,飞利信
603790.SH,雅运股份
300654.SZ,世纪天鸿
300015.SZ,爱尔眼科
002893.SZ,华通热力
002803.SZ,吉宏股份
600310.SH,桂东电力
603516.SH,淳中科技
000409.SZ,*ST地矿
600512.SH,腾达建设
300038.SZ,数知科技
300729.SZ,乐歌股份
000585.SZ,*ST东电
000838.SZ,财信发展
300586.SZ,美联新材
000971.SZ,*ST高升
002341.SZ,新纶科技
600295.SH,鄂尔多斯
002326.SZ,永太科技
603009.SH,北特科技
603079.SH,圣达生物
300230.SZ,永利股份
300700.SZ,岱勒新材
300469.SZ,信息发展
300650.SZ,太龙照明
600725.SH,ST云维
603978.SH,深圳新星
300140.SZ,中环装备
600833.SH,第一医药
600108.SH,亚盛集团
601918.SH,新集能源
600351.SH,亚宝药业
000009.SZ,中国宝安
000159.SZ,国际实业
603636.SH,南威软件
300238.SZ,冠昊生物
002266.SZ,浙富控股
600143.SH,金发科技
002001.SZ,新和成
002860.SZ,星帅尔
002494.SZ,华斯股份
600251.SH,冠农股份
603200.SH,上海洗霸
002284.SZ,亚太股份
002580.SZ,圣阳股份
000560.SZ,我爱我家
000633.SZ,合金投资
300484.SZ,蓝海华腾
600396.SH,*ST金山
603080.SH,新疆火炬
000738.SZ,航发控制
002495.SZ,佳隆股份
603590.SH,康辰药业
002481.SZ,双塔食品
002567.SZ,唐人神
600901.SH,江苏租赁
600444.SH,国机通用
002579.SZ,中京电子
000833.SZ,粤桂股份
002892.SZ,科力尔
300624.SZ,万兴科技
000793.SZ,华闻传媒
000611.SZ,*ST天首
601229.SH,上海银行
600834.SH,申通地铁
001872.SZ,招商港口
603188.SH,亚邦股份
600023.SH,浙能电力
002798.SZ,帝欧家居
002199.SZ,东晶电子
603721.SH,中广天择
300253.SZ,卫宁健康
002042.SZ,华孚时尚
000036.SZ,华联控股
600654.SH,*ST中安
603596.SH,伯特利
002898.SZ,赛隆药业
002441.SZ,众业达
002033.SZ,丽江旅游
002452.SZ,长高集团
601969.SH,海南矿业
002361.SZ,神剑股份
300477.SZ,合纵科技
600883.SH,博闻科技
002799.SZ,环球印务
002272.SZ,川润股份
002162.SZ,悦心健康
600898.SH,国美通讯
600199.SH,金种子酒
000026.SZ,飞亚达A
601186.SH,中国铁建
603116.SH,红蜻蜓
000050.SZ,深天马A
300724.SZ,捷佳伟创
002507.SZ,涪陵榨菜
300141.SZ,和顺电气
002656.SZ,摩登大道
603938.SH,三孚股份
300106.SZ,西部牧业
300666.SZ,江丰电子
603860.SH,中公高科
002649.SZ,博彦科技
601608.SH,中信重工
300611.SZ,美力科技
000972.SZ,ST中基
600861.SH,北京城乡
002776.SZ,柏堡龙
300768.SZ,迪普科技
600823.SH,世茂股份
000985.SZ,大庆华科
000571.SZ,*ST大洲
300146.SZ,汤臣倍健
601515.SH,东风股份
603380.SH,易德龙
300299.SZ,富春股份
300537.SZ,广信材料
600903.SH,贵州燃气
600662.SH,强生控股
600766.SH,园城黄金
002715.SZ,登云股份
600308.SH,华泰股份
002134.SZ,天津普林
002103.SZ,广博股份
002014.SZ,永新股份
300733.SZ,西菱动力
603008.SH,喜临门
002680.SZ,*ST长生
300640.SZ,德艺文创
300197.SZ,铁汉生态
000809.SZ,铁岭新城
000157.SZ,中联重科
000598.SZ,兴蓉环境
000668.SZ,荣丰控股
002600.SZ,领益智造
000401.SZ,冀东水泥
002605.SZ,姚记扑克
300204.SZ,舒泰神
002873.SZ,新天药业
300583.SZ,赛托生物
300087.SZ,荃银高科
600182.SH,S佳通
002624.SZ,完美世界
000609.SZ,中迪投资
600250.SH,南纺股份
000425.SZ,徐工机械
002475.SZ,立讯精密
002093.SZ,国脉科技
603800.SH,道森股份
600679.SH,上海凤凰
603883.SH,老百姓
600309.SH,万华化学
601798.SH,ST蓝科
002289.SZ,*ST宇顺
600053.SH,九鼎投资
601998.SH,中信银行
002333.SZ,*ST罗普
002709.SZ,天赐材料
603356.SH,华菱精工
002380.SZ,科远股份
000996.SZ,中国中期
600438.SH,通威股份
603358.SH,华达科技
300643.SZ,万通智控
603928.SH,兴业股份
300122.SZ,智飞生物
603898.SH,好莱客
600389.SH,江山股份
600716.SH,凤凰股份
000021.SZ,深科技
002840.SZ,华统股份
600373.SH,中文传媒
603309.SH,维力医疗
600139.SH,西部资源
000917.SZ,电广传媒
600136.SH,当代明诚
600367.SH,红星发展
002682.SZ,龙洲股份
300571.SZ,平治信息
603386.SH,广东骏亚
603398.SH,邦宝益智
300434.SZ,金石东方
000723.SZ,美锦能源
600469.SH,风神股份
002926.SZ,华西证券
600210.SH,紫江企业
603803.SH,瑞斯康达
300637.SZ,扬帆新材
300598.SZ,诚迈科技
600015.SH,华夏银行
600062.SH,华润双鹤
603203.SH,快克股份
000559.SZ,万向钱潮
002374.SZ,丽鹏股份
002108.SZ,沧州明珠
000338.SZ,潍柴动力
002258.SZ,利尔化学
600645.SH,中源协和
600809.SH,山西汾酒
300256.SZ,星星科技
300503.SZ,昊志机电
002925.SZ,盈趣科技
603466.SH,风语筑
300239.SZ,东宝生物
300339.SZ,润和软件
000592.SZ,平潭发展
300274.SZ,阳光电源
300738.SZ,奥飞数据
601985.SH,中国核电
600975.SH,新五丰
000552.SZ,靖远煤电
600551.SH,时代出版
002432.SZ,九安医疗
600463.SH,空港股份
000957.SZ,中通客车
000651.SZ,格力电器
600708.SH,光明地产
300179.SZ,四方达
603826.SH,坤彩科技
300005.SZ,探路者
300046.SZ,台基股份
300265.SZ,通光线缆
603192.SH,汇得科技
002394.SZ,联发股份
600021.SH,上海电力
300250.SZ,初灵信息
600110.SH,诺德股份
002869.SZ,金溢科技
601599.SH,鹿港文化
603698.SH,航天工程
002921.SZ,联诚精密
600633.SH,浙数文化
600177.SH,雅戈尔
002593.SZ,日上集团
000691.SZ,亚太实业
002800.SZ,天顺股份
000750.SZ,国海证券
002468.SZ,申通快递
000049.SZ,德赛电池
002077.SZ,大港股份
002729.SZ,好利来
000851.SZ,高鸿股份
600882.SH,妙可蓝多
300181.SZ,佐力药业
600090.SH,同济堂
002464.SZ,众应互联
300012.SZ,华测检测
002760.SZ,凤形股份
600481.SH,双良节能
002859.SZ,洁美科技
603086.SH,先达股份
002016.SZ,世荣兆业
002291.SZ,星期六
603603.SH,博天环境
600302.SH,标准股份
000911.SZ,*ST南糖
002446.SZ,盛路通信
601107.SH,四川成渝
603388.SH,元成股份
000780.SZ,平庄能源
002810.SZ,山东赫达
000859.SZ,国风塑业
603329.SH,上海雅仕
002301.SZ,齐心集团
002946.SZ,新乳业
002933.SZ,新兴装备
603871.SH,嘉友国际
002534.SZ,杭锅股份
603323.SH,苏农银行
600818.SH,中路股份
600503.SH,华丽家族
603322.SH,超讯通信
300214.SZ,日科化学
603156.SH,养元饮品
002576.SZ,通达动力
603333.SH,尚纬股份
603833.SH,欧派家居
600815.SH,*ST厦工
300212.SZ,易华录
600219.SH,南山铝业
300602.SZ,飞荣达
000826.SZ,启迪桑德
300119.SZ,瑞普生物
002277.SZ,友阿股份
000420.SZ,吉林化纤
300278.SZ,华昌达
002051.SZ,中工国际
600661.SH,昂立教育
300215.SZ,电科院
600225.SH,天津松江
000419.SZ,通程控股
603060.SH,国检集团
600315.SH,上海家化
300710.SZ,万隆光电
601006.SH,大秦铁路
600602.SH,云赛智联
300170.SZ,汉得信息
002202.SZ,金风科技
300029.SZ,天龙光电
603519.SH,立霸股份
000692.SZ,惠天热电
000693.SZ,*ST华泽
600749.SH,西藏旅游
603378.SH,亚士创能
600563.SH,法拉电子
002094.SZ,青岛金王
002062.SZ,宏润建设
002831.SZ,裕同科技
600236.SH,桂冠电力
000716.SZ,黑芝麻
601991.SH,大唐发电
002779.SZ,中坚科技
300487.SZ,蓝晓科技
002340.SZ,格林美
300014.SZ,亿纬锂能
300051.SZ,三五互联
603266.SH,天龙股份
000989.SZ,九芝堂
002596.SZ,海南瑞泽
603937.SH,丽岛新材
600671.SH,天目药业
600734.SH,实达集团
300445.SZ,康斯特
300675.SZ,建科院
000905.SZ,厦门港务
300178.SZ,腾邦国际
600971.SH,恒源煤电
603377.SH,东方时尚
002044.SZ,美年健康
600857.SH,宁波中百
000927.SZ,一汽夏利
002237.SZ,恒邦股份
600739.SH,辽宁成大
002496.SZ,辉丰股份
000593.SZ,大通燃气
002325.SZ,洪涛股份
600599.SH,熊猫金控
002823.SZ,凯中精密
002517.SZ,恺英网络
000018.SZ,*ST神城
600093.SH,易见股份
300312.SZ,邦讯技术
300550.SZ,和仁科技
000678.SZ,襄阳轴承
603880.SH,南卫股份
002505.SZ,大康农业
002654.SZ,万润科技
002498.SZ,汉缆股份
002586.SZ,围海股份
600216.SH,浙江医药
002442.SZ,龙星化工
002321.SZ,华英农业
300463.SZ,迈克生物
600123.SH,兰花科创
300343.SZ,联创互联
600145.SH,*ST新亿
002373.SZ,千方科技
002190.SZ,*ST集成
300086.SZ,康芝药业
300032.SZ,金龙机电
002786.SZ,银宝山新
002083.SZ,孚日股份
603801.SH,志邦家居
600900.SH,长江电力
600639.SH,浦东金桥
600150.SH,中国船舶
600415.SH,小商品城
603798.SH,康普顿
603338.SH,浙江鼎力
002790.SZ,瑞尔特
600162.SH,香江控股
603707.SH,健友股份
002265.SZ,西仪股份
300449.SZ,汉邦高科
600511.SH,国药股份
002135.SZ,东南网架
601106.SH,中国一重
600967.SH,内蒙一机
603101.SH,汇嘉时代
002462.SZ,嘉事堂
002482.SZ,广田集团
300412.SZ,迦南科技
601390.SH,中国中铁
002182.SZ,云海金属
601588.SH,北辰实业
603906.SH,龙蟠科技
603187.SH,海容冷链
002935.SZ,天奥电子
002416.SZ,爱施德
300184.SZ,力源信息
601222.SH,林洋能源
603577.SH,汇金通
002349.SZ,精华制药
603348.SH,文灿股份
000155.SZ,川能动力
603096.SH,新经典
000816.SZ,*ST慧业
601139.SH,深圳燃气
600277.SH,亿利洁能
002793.SZ,东音股份
300765.SZ,新诺威
300104.SZ,乐视网
603308.SH,应流股份
603076.SH,乐惠国际
300736.SZ,百邦科技
002880.SZ,卫光生物
300263.SZ,隆华科技
600117.SH,西宁特钢
002618.SZ,丹邦科技
002863.SZ,今飞凯达
600058.SH,五矿发展
603258.SH,电魂网络
002460.SZ,赣锋锂业
600106.SH,重庆路桥
600761.SH,安徽合力
300631.SZ,久吾高科
002465.SZ,海格通信
600490.SH,鹏欣资源
000411.SZ,英特集团
300187.SZ,永清环保
000926.SZ,福星股份
002527.SZ,新时达
300053.SZ,欧比特
600879.SH,航天电子
300612.SZ,宣亚国际
002150.SZ,通润装备
601888.SH,中国国旅
600075.SH,新疆天业
300120.SZ,经纬辉开
300169.SZ,天晟新材
002309.SZ,中利集团
002867.SZ,周大生
300073.SZ,当升科技
603535.SH,嘉诚国际
603298.SH,杭叉集团
603332.SH,苏州龙杰
601111.SH,中国国航
300088.SZ,长信科技
002196.SZ,方正电机
002133.SZ,广宇集团
000822.SZ,山东海化
600892.SH,大晟文化
603970.SH,中农立华
601939.SH,建设银行
300392.SZ,腾信股份
300174.SZ,元力股份
601619.SH,嘉泽新能
002425.SZ,凯撒文化
601890.SH,亚星锚链
300270.SZ,中威电子
600074.SH,*ST保千
300732.SZ,设研院
000547.SZ,航天发展
600488.SH,天药股份
603218.SH,日月股份
300358.SZ,楚天科技
300040.SZ,九洲电气
000718.SZ,苏宁环球
603421.SH,鼎信通讯
300433.SZ,蓝思科技
002101.SZ,广东鸿图
603501.SH,韦尔股份
600576.SH,祥源文化
002916.SZ,深南电路
601360.SH,三六零
600486.SH,扬农化工
000721.SZ,西安饮食
600580.SH,卧龙电驱
600133.SH,东湖高新
600613.SH,神奇制药
300330.SZ,华虹计通
300671.SZ,富满电子
002195.SZ,二三四五
600837.SH,海通证券
002750.SZ,龙津药业
300110.SZ,华仁药业
002614.SZ,奥佳华
002025.SZ,航天电器
002365.SZ,永安药业
603963.SH,大理药业
603283.SH,赛腾股份
000975.SZ,银泰资源
603615.SH,茶花股份
000525.SZ,红太阳
600388.SH,龙净环保
002908.SZ,德生科技
002239.SZ,奥特佳
600787.SH,中储股份
000679.SZ,大连友谊
600420.SH,现代制药
002694.SZ,顾地科技
600790.SH,轻纺城
601718.SH,际华集团
002288.SZ,超华科技
600877.SH,*ST嘉陵
603161.SH,科华控股
300071.SZ,华谊嘉信
300579.SZ,数字认证
300281.SZ,金明精机
002429.SZ,兆驰股份
600138.SH,中青旅
300351.SZ,永贵电器
300587.SZ,天铁股份
600476.SH,湘邮科技
603139.SH,康惠制药
300681.SZ,英搏尔
600532.SH,宏达矿业
002445.SZ,ST中南
600257.SH,大湖股份
600636.SH,三爱富
000628.SZ,高新发展
600561.SH,江西长运
300039.SZ,上海凯宝
603879.SH,永悦科技
600555.SH,海航创新
000039.SZ,中集集团
600298.SH,安琪酵母
300259.SZ,新天科技
603083.SH,剑桥科技
002491.SZ,通鼎互联
601339.SH,百隆东方
002634.SZ,棒杰股份
300314.SZ,戴维医疗
300020.SZ,银江股份
600742.SH,一汽富维
600036.SH,招商银行
000550.SZ,江铃汽车
002179.SZ,中航光电
600026.SH,中远海能
601002.SH,晋亿实业
300630.SZ,普利制药
002887.SZ,绿茵生态
000708.SZ,大冶特钢
002826.SZ,易明医药
002463.SZ,沪电股份
002891.SZ,中宠股份
300742.SZ,越博动力
300096.SZ,易联众
600050.SH,中国联通
600751.SH,海航科技
600006.SH,东风汽车
603708.SH,家家悦
603035.SH,常熟汽饰
600767.SH,ST运盛
002913.SZ,奥士康
000048.SZ,*ST康达
603178.SH,圣龙股份
600730.SH,中国高科
600737.SH,中粮糖业
603595.SH,东尼电子
000713.SZ,丰乐种业
002194.SZ,*ST凡谷
600120.SH,浙江东方
002795.SZ,永和智控
600258.SH,首旅酒店
000555.SZ,神州信息
601166.SH,兴业银行
600301.SH,ST南化
002520.SZ,日发精机
002180.SZ,纳思达
300154.SZ,瑞凌股份
002251.SZ,步步高
002216.SZ,三全食品
002701.SZ,奥瑞金
300084.SZ,海默科技
000040.SZ,东旭蓝天
600229.SH,城市传媒
002259.SZ,*ST升达
300715.SZ,凯伦股份
600104.SH,上汽集团
002455.SZ,百川股份
000965.SZ,天保基建
002232.SZ,启明信息
002597.SZ,金禾实业
300415.SZ,伊之密
000061.SZ,农产品
002160.SZ,常铝股份
300478.SZ,杭州高新
600113.SH,浙江东日
300211.SZ,亿通科技
603881.SH,数据港
002640.SZ,跨境通
002424.SZ,贵州百灵
002561.SZ,徐家汇
603316.SH,诚邦股份
002941.SZ,新疆交建
601500.SH,通用股份
603300.SH,华铁科技
002208.SZ,合肥城建
002127.SZ,南极电商
002279.SZ,久其软件
600513.SH,联环药业
002947.SZ,恒铭达
002356.SZ,*ST赫美
000540.SZ,中天金融
002655.SZ,共达电声
601375.SH,中原证券
002069.SZ,獐子岛
300373.SZ,扬杰科技
002287.SZ,奇正藏药
002742.SZ,三圣股份
002766.SZ,*ST索菱
000151.SZ,中成股份
000408.SZ,藏格控股
002917.SZ,金奥博
000663.SZ,永安林业
300563.SZ,神宇股份
600748.SH,上实发展
300468.SZ,四方精创
300636.SZ,同和药业
300288.SZ,朗玛信息
600803.SH,新奥股份
002270.SZ,华明装备
600287.SH,江苏舜天
603868.SH,飞科电器
603693.SH,江苏新能
600704.SH,物产中大
300192.SZ,科斯伍德
002091.SZ,江苏国泰
600663.SH,陆家嘴
600261.SH,阳光照明
002064.SZ,华峰氨纶
002331.SZ,皖通科技
603960.SH,克来机电
600843.SH,上工申贝
002647.SZ,仁东控股
601628.SH,中国人寿
000695.SZ,滨海能源
600768.SH,宁波富邦
300569.SZ,天能重工
002116.SZ,中国海诚
300100.SZ,双林股份
600629.SH,华建集团
000967.SZ,盈峰环境
600703.SH,三安光电
600643.SH,爱建集团
300632.SZ,光莆股份
603588.SH,高能环境
600578.SH,京能电力
600638.SH,新黄浦
002019.SZ,亿帆医药
000836.SZ,富通鑫茂
600844.SH,丹化科技
300425.SZ,环能科技
603038.SH,华立股份
002872.SZ,*ST天圣
603538.SH,美诺华
600756.SH,浪潮软件
000038.SZ,深大通
002400.SZ,省广集团
300290.SZ,荣科科技
300363.SZ,博腾股份
000702.SZ,正虹科技
300210.SZ,森远股份
300448.SZ,浩云科技
600501.SH,航天晨光
300370.SZ,安控科技
603228.SH,景旺电子
000672.SZ,上峰水泥
000888.SZ,峨眉山A
300668.SZ,杰恩设计
300400.SZ,劲拓股份
300092.SZ,科新机电
300177.SZ,中海达
603955.SH,大千生态
603606.SH,东方电缆
000697.SZ,炼石航空
300094.SZ,国联水产
002200.SZ,*ST云投
603297.SH,永新光学
603658.SH,安图生物
600728.SH,佳都科技
002519.SZ,银河电子
002293.SZ,罗莱生活
600808.SH,马钢股份
600590.SH,泰豪科技
603066.SH,音飞储存
600385.SH,*ST金泰
600699.SH,均胜电子
601126.SH,四方股份
002642.SZ,*ST荣联
002612.SZ,朗姿股份
603019.SH,中科曙光
600152.SH,维科技术
002282.SZ,博深工具
002052.SZ,同洲电子
600215.SH,长春经开
300338.SZ,开元股份
600977.SH,中国电影
600778.SH,友好集团
000717.SZ,韶钢松山
002692.SZ,远程股份
600329.SH,中新药业
002384.SZ,东山精密
000028.SZ,国药一致
002836.SZ,新宏泽
600028.SH,中国石化
601169.SH,北京银行
002281.SZ,光迅科技
600884.SH,杉杉股份
300555.SZ,路通视信
300763.SZ,锦浪科技
600448.SH,华纺股份
603315.SH,福鞍股份
601200.SH,上海环境
300687.SZ,赛意信息
000959.SZ,首钢股份
600720.SH,祁连山
300242.SZ,佳云科技
002868.SZ,绿康生化
300735.SZ,光弘科技
300778.SZ,新城市
000785.SZ,武汉中商
603818.SH,曲美家居
000876.SZ,新希望
002389.SZ,航天彩虹
300216.SZ,千山药机
002393.SZ,力生制药
300272.SZ,开能健康
000918.SZ,嘉凯城
603317.SH,天味食品
601789.SH,宁波建工
600644.SH,乐山电力
601016.SH,节能风电
000882.SZ,华联股份
600773.SH,西藏城投
600723.SH,首商股份
603368.SH,柳药股份
601238.SH,广汽集团
601117.SH,中国化学
002467.SZ,二六三
601163.SH,三角轮胎
600380.SH,健康元
300255.SZ,常山药业
603703.SH,盛洋科技
000043.SZ,中航善达
600168.SH,武汉控股
603318.SH,派思股份
002890.SZ,弘宇股份
300513.SZ,恒实科技
603000.SH,人民网
600862.SH,中航高科
002161.SZ,远望谷
002650.SZ,加加食品
000035.SZ,中国天楹
300429.SZ,强力新材
603121.SH,华培动力
002006.SZ,精功科技
601328.SH,交通银行
600821.SH,津劝业
002315.SZ,焦点科技
603123.SH,翠微股份
002666.SZ,德联集团
600970.SH,中材国际
601199.SH,江南水务
000885.SZ,城发环境
300317.SZ,珈伟新能
603587.SH,地素时尚
002299.SZ,圣农发展
002332.SZ,仙琚制药
300422.SZ,博世科
603848.SH,好太太
300695.SZ,兆丰股份
000627.SZ,天茂集团
000820.SZ,*ST节能
002912.SZ,中新赛克
600698.SH,*ST天雁
002497.SZ,雅化集团
600202.SH,哈空调
300755.SZ,华致酒行
600206.SH,有研新材
603778.SH,乾景园林
300696.SZ,爱乐达
002591.SZ,恒大高新
002024.SZ,苏宁易购
300289.SZ,利德曼
300205.SZ,天喻信息
002066.SZ,瑞泰科技
600146.SH,商赢环球
600172.SH,黄河旋风
000025.SZ,特力A
600648.SH,外高桥
300099.SZ,精准信息
002226.SZ,江南化工
002813.SZ,路畅科技
603991.SH,至正股份
300599.SZ,雄塑科技
601198.SH,东兴证券
000665.SZ,湖北广电
300534.SZ,陇神戎发
600771.SH,广誉远
600419.SH,天润乳业
603823.SH,百合花
603777.SH,来伊份
002726.SZ,龙大肉食
000739.SZ,普洛药业
002879.SZ,长缆科技
000883.SZ,湖北能源
600741.SH,华域汽车
300420.SZ,五洋停车
600126.SH,杭钢股份
600141.SH,兴发集团
002262.SZ,恩华药业
002565.SZ,顺灏股份
000599.SZ,青岛双星
603757.SH,大元泵业
603920.SH,世运电路
603337.SH,杰克股份
300580.SZ,贝斯特
600129.SH,太极集团
300331.SZ,苏大维格
300709.SZ,精研科技
300519.SZ,新光药业
002031.SZ,巨轮智能
002558.SZ,巨人网络
603817.SH,海峡环保
300162.SZ,雷曼光电
002544.SZ,杰赛科技
300227.SZ,光韵达
002792.SZ,通宇通讯
600125.SH,铁龙物流
300522.SZ,世名科技
002431.SZ,棕榈股份
002734.SZ,利民股份
000939.SZ,*ST凯迪
600521.SH,华海药业
002120.SZ,韵达股份
000890.SZ,法尔胜
600831.SH,广电网络
002076.SZ,雪莱特
603005.SH,晶方科技
600598.SH,北大荒
600529.SH,山东药玻
600446.SH,金证股份
603555.SH,贵人鸟
300565.SZ,科信技术
002177.SZ,御银股份
300747.SZ,锐科激光
300386.SZ,飞天诚信
002756.SZ,永兴特钢
601225.SH,陕西煤业
000403.SZ,振兴生化
603330.SH,上海天洋
600619.SH,海立股份
600391.SH,航发科技
300730.SZ,科创信息
603286.SH,日盈电子
000960.SZ,锡业股份
300506.SZ,名家汇
002328.SZ,新朋股份
300382.SZ,斯莱克
600605.SH,汇通能源
600428.SH,中远海特
603686.SH,龙马环卫
000008.SZ,神州高铁
000687.SZ,华讯方舟
600159.SH,大龙地产
603619.SH,中曼石油
002846.SZ,英联股份
603598.SH,引力传媒
300304.SZ,云意电气
600039.SH,四川路桥
300685.SZ,艾德生物
000983.SZ,西山煤电
002503.SZ,搜于特
002210.SZ,*ST飞马
600376.SH,首开股份
002121.SZ,科陆电子
603918.SH,金桥信息
000059.SZ,华锦股份
002617.SZ,露笑科技
002430.SZ,杭氧股份
300542.SZ,新晨科技
601999.SH,出版传媒
600307.SH,酒钢宏兴
300439.SZ,美康生物
002675.SZ,东诚药业
002023.SZ,海特高新
000650.SZ,仁和药业
600694.SH,大商股份
601000.SH,唐山港
300166.SZ,东方国信
300267.SZ,尔康制药
603716.SH,塞力斯
603616.SH,韩建河山
603737.SH,三棵树
601566.SH,九牧王
300291.SZ,华录百纳
600528.SH,中铁工业
000970.SZ,中科三环
601015.SH,陕西黑猫
300089.SZ,文化长城
300536.SZ,农尚环境
000703.SZ,恒逸石化
300004.SZ,南风股份
002363.SZ,隆基机械
002222.SZ,福晶科技
300196.SZ,长海股份
300009.SZ,安科生物
300037.SZ,新宙邦
002359.SZ,*ST北讯
000011.SZ,深物业A
002936.SZ,郑州银行
300619.SZ,金银河
300597.SZ,吉大通信
000999.SZ,华润三九
601567.SH,三星医疗
002271.SZ,东方雨虹
300355.SZ,蒙草生态
601577.SH,长沙银行
002702.SZ,海欣食品
002292.SZ,奥飞娱乐
600080.SH,金花股份
603969.SH,银龙股份
300348.SZ,长亮科技
603488.SH,展鹏科技
601233.SH,桐昆股份
601992.SH,金隅集团
603725.SH,天安新材
600784.SH,鲁银投资
603239.SH,浙江仙通
603600.SH,永艺股份
002703.SZ,浙江世宝
002214.SZ,大立科技
300721.SZ,怡达股份
603197.SH,保隆科技
002511.SZ,中顺洁柔
603813.SH,原尚股份
002769.SZ,普路通
000601.SZ,韶能股份
000935.SZ,四川双马
002229.SZ,鸿博股份
600167.SH,联美控股
600109.SH,国金证券
600891.SH,*ST秋林
600425.SH,青松建化
300329.SZ,海伦钢琴
000799.SZ,酒鬼酒
603339.SH,四方科技
002950.SZ,奥美医疗
300300.SZ,汉鼎宇佑
000825.SZ,太钢不锈
300527.SZ,中国应急
002172.SZ,澳洋健康
603578.SH,三星新材
601288.SH,农业银行
002540.SZ,亚太科技
600061.SH,国投资本
600069.SH,银鸽投资
603655.SH,朗博科技
603773.SH,沃格光电
603165.SH,荣晟环保
300458.SZ,全志科技
002825.SZ,纳尔股份
603399.SH,吉翔股份
603367.SH,辰欣药业
603885.SH,吉祥航空
002889.SZ,东方嘉盛
600939.SH,重庆建工
603876.SH,鼎胜新材
601801.SH,皖新传媒
000030.SZ,富奥股份
600497.SH,驰宏锌锗
600186.SH,*ST莲花
601811.SH,新华文轩
002523.SZ,天桥起重
600499.SH,科达洁能
603939.SH,益丰药房
002613.SZ,北玻股份
002252.SZ,上海莱士
600337.SH,美克家居
300346.SZ,南大光电
601618.SH,中国中冶
002856.SZ,美芝股份
603113.SH,金能科技
300751.SZ,迈为股份
002285.SZ,世联行
002706.SZ,良信电器
000829.SZ,天音控股
002164.SZ,宁波东力
000900.SZ,现代投资
002114.SZ,罗平锌电
002017.SZ,东信和平
300160.SZ,秀强股份
300219.SZ,鸿利智汇
002535.SZ,林州重机
000913.SZ,钱江摩托
600076.SH,康欣新材
002488.SZ,金固股份
002125.SZ,湘潭电化
002324.SZ,普利特
000813.SZ,德展健康
002027.SZ,分众传媒
603010.SH,万盛股份
600872.SH,中炬高新
603650.SH,彤程新材
300508.SZ,维宏股份
300190.SZ,维尔利
600183.SH,生益科技
601007.SH,金陵饭店
002805.SZ,丰元股份
300578.SZ,会畅通讯
002047.SZ,宝鹰股份
002079.SZ,苏州固锝
300337.SZ,银邦股份
300653.SZ,正海生物
603629.SH,利通电子
002719.SZ,麦趣尔
300142.SZ,沃森生物
601021.SH,春秋航空
300595.SZ,欧普康视
600860.SH,京城股份
300520.SZ,科大国创
300144.SZ,宋城演艺
002489.SZ,浙江永强
000156.SZ,华数传媒
603012.SH,创力集团
600584.SH,长电科技
600687.SH,*ST刚泰
300315.SZ,掌趣科技
300323.SZ,华灿光电
601928.SH,凤凰传媒
000600.SZ,建投能源
603220.SH,贝通信
603666.SH,亿嘉和
002758.SZ,华通医药
603816.SH,顾家家居
603336.SH,宏辉果蔬
600452.SH,涪陵电力
603379.SH,三美股份
600366.SH,宁波韵升
300402.SZ,宝色股份
000685.SZ,中山公用
600885.SH,宏发股份
601699.SH,潞安环能
600546.SH,山煤国际
002323.SZ,*ST百特
600685.SH,中船防务
601606.SH,长城军工
601615.SH,明阳智能
600356.SH,恒丰纸业
002158.SZ,汉钟精机
300411.SZ,金盾股份
600195.SH,中牧股份
002948.SZ,青岛银行
300077.SZ,国民技术
002378.SZ,章源钨业
000898.SZ,鞍钢股份
002486.SZ,嘉麟杰
002330.SZ,得利斯
601158.SH,重庆水务
600518.SH,康美药业
600829.SH,人民同泰
600539.SH,ST狮头
002453.SZ,华软科技
002512.SZ,达华智能
300349.SZ,金卡智能
002569.SZ,*ST步森
603709.SH,中源家居
600148.SH,长春一东
603018.SH,中设集团
002791.SZ,坚朗五金
000582.SZ,北部湾港
002502.SZ,骅威文化
002822.SZ,中装建设
603185.SH,上机数控
000630.SZ,铜陵有色
300302.SZ,同有科技
002310.SZ,东方园林
002531.SZ,天顺风能
600320.SH,振华重工
002712.SZ,思美传媒
002684.SZ,*ST猛狮
002687.SZ,乔治白
002235.SZ,安妮股份
600686.SH,金龙汽车
600674.SH,川投能源
600228.SH,ST昌九
600179.SH,安通控股
600796.SH,钱江生化
002536.SZ,西泵股份
601766.SH,中国中车
000019.SZ,深粮控股
002230.SZ,科大讯飞
603363.SH,傲农生物
002518.SZ,科士达
600960.SH,渤海汽车
002347.SZ,泰尔股份
603077.SH,和邦生物
300457.SZ,赢合科技
000725.SZ,京东方A
600682.SH,南京新百
002895.SZ,川恒股份
300498.SZ,温氏股份
300621.SZ,维业股份
300657.SZ,弘信电子
300605.SZ,恒锋信息
000506.SZ,中润资源
300393.SZ,中来股份
000042.SZ,中洲控股
603607.SH,京华激光
000796.SZ,凯撒旅游
002201.SZ,九鼎新材
300518.SZ,盛讯达
600735.SH,新华锦
600346.SH,恒力股份
601162.SH,天风证券
601958.SH,金钼股份
600876.SH,洛阳玻璃
000078.SZ,海王生物
601118.SH,海南橡胶
000676.SZ,智度股份
600506.SH,香梨股份
002550.SZ,千红制药
002639.SZ,雪人股份
600247.SH,ST成城
002290.SZ,*ST中科
000779.SZ,三毛派神
600378.SH,天科股份
300223.SZ,北京君正
300766.SZ,每日互动
000570.SZ,苏常柴A
000753.SZ,漳州发展
603396.SH,金辰股份
002403.SZ,爱仕达
000868.SZ,*ST安凯
002737.SZ,葵花药业
600667.SH,太极实业
002364.SZ,中恒电气
600482.SH,中国动力
600072.SH,中船科技
603167.SH,渤海轮渡
002379.SZ,宏创控股
603533.SH,掌阅科技
600266.SH,北京城建
000563.SZ,陕国投A
300333.SZ,兆日科技
300644.SZ,南京聚隆
600098.SH,广州发展
002387.SZ,维信诺
300316.SZ,晶盛机电
000610.SZ,西安旅游
600095.SH,哈高科
600535.SH,天士力
000031.SZ,大悦城
600086.SH,东方金钰
300718.SZ,长盛轴承
600379.SH,宝光股份
300318.SZ,博晖创新
300726.SZ,宏达电子
601857.SH,中国石油
600222.SH,太龙药业
000519.SZ,中兵红箭
603933.SH,睿能科技
300656.SZ,民德电子
300344.SZ,太空智造
002241.SZ,歌尔股份
600436.SH,片仔癀
600586.SH,金晶科技
300554.SZ,三超新材
002037.SZ,久联发展
600577.SH,精达股份
300693.SZ,盛弘股份
600845.SH,宝信软件
002370.SZ,亚太药业
002562.SZ,兄弟科技
600929.SH,湖南盐业
300385.SZ,雪浪环境
600810.SH,神马股份
002402.SZ,和而泰
300626.SZ,华瑞股份
300019.SZ,硅宝科技
300641.SZ,正丹股份
600961.SH,株冶集团
603527.SH,众源新材
603042.SH,华脉科技
300061.SZ,康旗股份
300150.SZ,世纪瑞尔
300010.SZ,立思辰
600959.SH,江苏有线
002923.SZ,润都股份
603366.SH,日出东方
300492.SZ,山鼎设计
000950.SZ,重药控股
601929.SH,吉视传媒
000587.SZ,金洲慈航
002436.SZ,兴森科技
300456.SZ,耐威科技
601226.SH,华电重工
002749.SZ,国光股份
300024.SZ,机器人
601901.SH,方正证券
600201.SH,生物股份
000802.SZ,北京文化
603797.SH,联泰环保
603583.SH,捷昌驱动
002343.SZ,慈文传媒
002395.SZ,双象股份
002428.SZ,云南锗业
002296.SZ,辉煌科技
600545.SH,卓郎智能
300034.SZ,钢研高纳
300502.SZ,新易盛
600459.SH,贵研铂业
000034.SZ,神州数码
600200.SH,江苏吴中
300737.SZ,科顺股份
002878.SZ,元隆雅图
300252.SZ,金信诺
300138.SZ,晨光生物
300435.SZ,中泰股份
600680.SH,*ST上普
600750.SH,江中药业
000657.SZ,中钨高新
002818.SZ,富森美
000404.SZ,长虹华意
000806.SZ,ST银河
600816.SH,安信信托
002043.SZ,兔宝宝
002557.SZ,洽洽食品
300336.SZ,新文化
300511.SZ,雪榕生物
002249.SZ,大洋电机
002065.SZ,东华软件
002119.SZ,康强电子
000544.SZ,中原环保
300108.SZ,吉药控股
603639.SH,海利尔
000711.SZ,京蓝科技
002674.SZ,兴业科技
002355.SZ,兴民智通
002630.SZ,华西能源
603013.SH,亚普股份
601899.SH,紫金矿业
000056.SZ,皇庭国际
600297.SH,广汇汽车
600603.SH,广汇物流
603127.SH,昭衍新药
300027.SZ,华谊兄弟
300470.SZ,日机密封
300115.SZ,长盈精密
603030.SH,全筑股份
601865.SH,福莱特
000949.SZ,新乡化纤
600774.SH,汉商集团
300669.SZ,沪宁股份
600727.SH,鲁北化工
002439.SZ,启明星辰
600127.SH,金健米业
002012.SZ,凯恩股份
002211.SZ,宏达新材
002041.SZ,登海种业
002050.SZ,三花智控
000619.SZ,海螺型材
300298.SZ,三诺生物
603499.SH,翔港科技
300707.SZ,威唐工业
600569.SH,安阳钢铁
300371.SZ,汇中股份
603661.SH,恒林股份
002342.SZ,巨力索具
002901.SZ,大博医疗
300416.SZ,苏试试验
603738.SH,泰晶科技
002248.SZ,华东数控
600318.SH,新力金融
300374.SZ,恒通科技
000659.SZ,珠海中富
002958.SZ,青农商行
002882.SZ,金龙羽
600243.SH,青海华鼎
300303.SZ,聚飞光电
000150.SZ,宜华健康
603599.SH,广信股份
002072.SZ,*ST凯瑞
002350.SZ,北京科锐
300068.SZ,南都电源
000677.SZ,恒天海龙
600886.SH,国投电力
600350.SH,山东高速
300352.SZ,北信源
600178.SH,东安动力
002514.SZ,宝馨科技
603126.SH,中材节能
002118.SZ,紫鑫药业
000752.SZ,*ST西发
600268.SH,国电南自
603269.SH,海鸥股份
002885.SZ,京泉华
300495.SZ,美尚生态
300406.SZ,九强生物
601869.SH,长飞光纤
600763.SH,通策医疗
600658.SH,电子城
600997.SH,开滦股份
002627.SZ,宜昌交运
002098.SZ,浔兴股份
600112.SH,天成控股
601900.SH,南方传媒
600056.SH,中国医药
002207.SZ,ST准油
600795.SH,国电电力
600979.SH,广安爱众
603365.SH,水星家纺
603103.SH,横店影视
300683.SZ,海特生物
300396.SZ,迪瑞医疗
600626.SH,申达股份
000929.SZ,兰州黄河
000863.SZ,三湘印象
000502.SZ,绿景控股
601881.SH,中国银河
603656.SH,泰禾光电
000063.SZ,中兴通讯
603758.SH,秦安股份
002040.SZ,南京港
300585.SZ,奥联电子
300324.SZ,旋极信息
300156.SZ,神雾环保
600770.SH,综艺股份
002785.SZ,万里石
300128.SZ,锦富技术
600540.SH,新赛股份
601008.SH,连云港
002236.SZ,大华股份
002212.SZ,南洋股份
000423.SZ,东阿阿胶
000413.SZ,东旭光电
600587.SH,新华医疗
002610.SZ,爱康科技
300240.SZ,飞力达
002087.SZ,新野纺织
600458.SH,时代新材
002638.SZ,勤上股份
002781.SZ,奇信股份
000046.SZ,泛海控股
600675.SH,中华企业
000791.SZ,甘肃电投
002521.SZ,齐峰新材
603697.SH,有友食品
002487.SZ,大金重工
600560.SH,金自天正
600429.SH,三元股份
600449.SH,宁夏建材
300206.SZ,理邦仪器
002074.SZ,国轩高科
600683.SH,京投发展
002858.SZ,力盛赛车
603809.SH,豪能股份
600688.SH,上海石化
600037.SH,歌华有线
300327.SZ,中颖电子
300079.SZ,数码科技
601155.SH,新城控股
300102.SZ,乾照光电
600736.SH,苏州高新
600483.SH,福能股份
600676.SH,交运股份
600615.SH,ST丰华
600650.SH,锦江投资
300610.SZ,晨化股份
300301.SZ,长方集团
002295.SZ,精艺股份
603196.SH,日播时尚
300432.SZ,富临精工
300408.SZ,三环集团
300167.SZ,迪威迅
300075.SZ,数字政通
600668.SH,尖峰集团
603630.SH,拉芳家化
300103.SZ,达刚路机
600820.SH,隧道股份
300157.SZ,恒泰艾普
600218.SH,全柴动力
600783.SH,鲁信创投
002360.SZ,同德化工
002139.SZ,拓邦股份
600339.SH,中油工程
600570.SH,恒生电子
300441.SZ,鲍斯股份
002843.SZ,泰嘉股份
002782.SZ,可立克
300472.SZ,新元科技
601009.SH,南京银行
002146.SZ,荣盛发展
000629.SZ,攀钢钒钛
600038.SH,中直股份
603089.SH,正裕工业
600401.SH,*ST海润
300248.SZ,新开普
600325.SH,华发股份
002479.SZ,富春环保
300194.SZ,福安药业
000751.SZ,锌业股份
002030.SZ,达安基因
600160.SH,巨化股份
300251.SZ,光线传媒
601069.SH,西部黄金
300423.SZ,鲁亿通
002036.SZ,联创电子
002434.SZ,万里扬
000910.SZ,大亚圣象
600824.SH,益民集团
300354.SZ,东华测试
300551.SZ,古鳌科技
000503.SZ,国新健康
002048.SZ,宁波华翔
601919.SH,中远海控
000507.SZ,珠海港
000936.SZ,华西股份
603025.SH,大豪科技
002063.SZ,远光软件
601336.SH,新华保险
000400.SZ,许继电气
300664.SZ,鹏鹞环保
300332.SZ,天壕环境
002167.SZ,东方锆业
000637.SZ,茂化实华
000906.SZ,浙商中拓
600963.SH,岳阳林纸
002623.SZ,亚玛顿
600890.SH,中房股份
600664.SH,哈药股份
600485.SH,*ST信威
000430.SZ,张家界
002768.SZ,国恩股份
601616.SH,广电电气
603605.SH,珀莱雅
000852.SZ,石化机械
600695.SH,绿庭投资
600312.SH,平高电气
000998.SZ,隆平高科
600359.SH,新农开发
002864.SZ,盘龙药业
002327.SZ,富安娜
600288.SH,大恒科技
603288.SH,海天味业
000962.SZ,东方钽业
603306.SH,华懋科技
002590.SZ,万安科技
600130.SH,波导股份
300375.SZ,鹏翎股份
002068.SZ,黑猫股份
600596.SH,新安股份
002555.SZ,三七互娱
002421.SZ,达实智能
002678.SZ,珠江钢琴
000798.SZ,中水渔业
002086.SZ,ST东海洋
002559.SZ,亚威股份
000541.SZ,佛山照明
002708.SZ,光洋股份
002382.SZ,蓝帆医疗
002492.SZ,恒基达鑫
600711.SH,盛屯矿业
600073.SH,上海梅林
300604.SZ,长川科技
002183.SZ,怡亚通
000099.SZ,中信海直
603568.SH,伟明环保
000590.SZ,启迪古汉
603311.SH,金海环境
600328.SH,兰太实业
603486.SH,科沃斯
300608.SZ,思特奇
300164.SZ,通源石油
300618.SZ,寒锐钴业
300548.SZ,博创科技
300481.SZ,濮阳惠成
300389.SZ,艾比森
002851.SZ,麦格米特
000004.SZ,国农科技
300101.SZ,振芯科技
603861.SH,白云电器
600421.SH,*ST仰帆
300376.SZ,易事特
600343.SH,航天动力
300609.SZ,汇纳科技
600693.SH,东百集团
600630.SH,龙头股份
002602.SZ,世纪华通
603305.SH,旭升股份
300245.SZ,天玑科技
002011.SZ,盾安环境
600089.SH,特变电工
603727.SH,博迈科
002105.SZ,信隆健康
600817.SH,ST宏盛
600760.SH,中航沈飞
600581.SH,八一钢铁
603331.SH,百达精工
600889.SH,南京化纤
002137.SZ,麦达数字
600333.SH,长春燃气
300504.SZ,天邑股份
000607.SZ,华媒控股
600157.SH,永泰能源
300335.SZ,迪森股份
000591.SZ,太阳能
603895.SH,天永智能
600649.SH,城投控股
300007.SZ,汉威科技
300384.SZ,三联虹普
600520.SH,文一科技
603882.SH,金域医学
300222.SZ,科大智能
603081.SH,大丰实业
600217.SH,中再资环
000617.SZ,中油资本
300722.SZ,新余国科
000818.SZ,航锦科技
000581.SZ,威孚高科
300276.SZ,三丰智能
600116.SH,三峡水利
600505.SH,西昌电力
601965.SH,中国汽研
300509.SZ,新美星
300399.SZ,京天利
002414.SZ,高德红外
601218.SH,吉鑫科技
600958.SH,东方证券
300126.SZ,锐奇股份
002088.SZ,鲁阳节能
300112.SZ,万讯自控
002336.SZ,*ST人乐
603660.SH,苏州科达
600330.SH,天通股份
300576.SZ,容大感光
600515.SH,海航基础
601600.SH,中国铝业
600188.SH,兖州煤业
600666.SH,*ST瑞德
603825.SH,华扬联众
600776.SH,东方通信
300497.SZ,富祥股份
002753.SZ,永东股份
000897.SZ,*ST津滨
300539.SZ,横河模具
603031.SH,安德利
002945.SZ,华林证券
002175.SZ,*ST东网
600617.SH,国新能源
000901.SZ,航天科技
002696.SZ,百洋股份
603319.SH,湘油泵
600707.SH,彩虹股份
002426.SZ,胜利精密
300379.SZ,东方通
600057.SH,厦门象屿
600858.SH,银座股份
603017.SH,中衡设计
600800.SH,天津磁卡
300246.SZ,宝莱特
600575.SH,皖江物流
603989.SH,艾华集团
002801.SZ,微光股份
601319.SH,中国人保
601088.SH,中国神华
603268.SH,松发股份
300692.SZ,中环环保
603067.SH,振华股份
600996.SH,贵广网络
603977.SH,国泰集团
600101.SH,明星电力
000158.SZ,常山北明
000712.SZ,锦龙股份
603556.SH,海兴电力
002910.SZ,庄园牧场
601611.SH,中国核建
600321.SH,ST正源
002738.SZ,中矿资源
002837.SZ,英维克
603779.SH,威龙股份
603032.SH,德新交运
603528.SH,多伦科技
603100.SH,川仪股份
002244.SZ,滨江集团
300665.SZ,飞鹿股份
600156.SH,华升股份
002547.SZ,春兴精工
603766.SH,隆鑫通用
601636.SH,旗滨集团
300404.SZ,博济医药
002191.SZ,劲嘉股份
002010.SZ,传化智联
300066.SZ,三川智慧
603579.SH,荣泰健康
300220.SZ,金运激光
600122.SH,宏图高科
300189.SZ,神农基因
002154.SZ,报喜鸟
600896.SH,览海投资
300516.SZ,久之洋
002254.SZ,泰和新材
000010.SZ,*ST美丽
000532.SZ,华金资本
600993.SH,马应龙
002699.SZ,美盛文化
600827.SH,百联股份
600084.SH,*ST中葡
000958.SZ,东方能源
300601.SZ,康泰生物
600552.SH,凯盛科技
600747.SH,*ST大控
600161.SH,天坛生物
300136.SZ,信维通信
600498.SH,烽火通信
600992.SH,贵绳股份
002927.SZ,泰永长征
300006.SZ,莱美药业
603357.SH,设计总院
600681.SH,百川能源
600390.SH,五矿资本
300017.SZ,网宿科技
603181.SH,皇马科技
000166.SZ,申万宏源
000518.SZ,四环生物
002841.SZ,视源股份
002372.SZ,伟星新材
000661.SZ,长春高新
002427.SZ,*ST尤夫
600361.SH,华联综超
603628.SH,清源股份
603696.SH,安记食品
300467.SZ,迅游科技
002002.SZ,鸿达兴业
600208.SH,新湖中宝
603985.SH,恒润股份
603222.SH,济民制药
601933.SH,永辉超市
603110.SH,东方材料
603226.SH,菲林格尔
002311.SZ,海大集团
600969.SH,郴电国际
600166.SH,福田汽车
000921.SZ,海信家电
002198.SZ,嘉应制药
002850.SZ,科达利
603157.SH,拉夏贝尔
300229.SZ,拓尔思
300283.SZ,温州宏丰
002334.SZ,英威腾
600753.SH,东方银星
300236.SZ,上海新阳
600604.SH,市北高新
603320.SH,迪贝电气
002528.SZ,英飞拓
600804.SH,鹏博士
603828.SH,柯利达
600978.SH,宜华生活
603990.SH,麦迪科技
000710.SZ,贝瑞基因
002532.SZ,新界泵业
002820.SZ,桂发祥
300615.SZ,欣天科技
002773.SZ,康弘药业
002721.SZ,金一文化
002318.SZ,久立特材
603429.SH,集友股份
601886.SH,江河集团
002732.SZ,燕塘乳业
600276.SH,恒瑞医药
600223.SH,鲁商置业
002757.SZ,南兴装备
002716.SZ,金贵银业
002625.SZ,光启技术
002949.SZ,华阳国际
603980.SH,吉华集团
300147.SZ,香雪制药
600793.SH,宜宾纸业
300443.SZ,金雷股份
002060.SZ,粤水电
603507.SH,振江股份
603677.SH,奇精机械
002078.SZ,太阳纸业
600647.SH,同达创业
600549.SH,厦门钨业
000561.SZ,烽火电子
603967.SH,中创物流
600077.SH,宋都股份
000860.SZ,顺鑫农业
603889.SH,新澳股份
603085.SH,天成自控
601808.SH,中海油服
600696.SH,ST岩石
601368.SH,绿城水务
002587.SZ,奥拓电子
600508.SH,上海能源
002205.SZ,国统股份
000893.SZ,*ST东凌
002472.SZ,双环传动
603688.SH,石英股份
603956.SH,威派格
600175.SH,美都能源
601101.SH,昊华能源
600163.SH,中闽能源
300247.SZ,融捷健康
603690.SH,至纯科技
002659.SZ,凯文教育
600526.SH,*ST菲达
600690.SH,青岛海尔
000526.SZ,紫光学大
002151.SZ,北斗星通
600522.SH,中天科技
002835.SZ,同为股份
002718.SZ,友邦吊顶
601212.SH,白银有色
002219.SZ,恒康医疗
300279.SZ,和晶科技
601211.SH,国泰君安
002763.SZ,汇洁股份
300137.SZ,先河环保
300540.SZ,深冷股份
002928.SZ,华夏航空
600331.SH,宏达股份
603787.SH,新日股份
600067.SH,冠城大通
000795.SZ,英洛华
601579.SH,会稽山
600099.SH,林海股份
300507.SZ,苏奥传感
600173.SH,卧龙地产
000878.SZ,云南铜业
600248.SH,延长化建
300062.SZ,中能电气
002110.SZ,三钢闽光
600235.SH,民丰特纸
600740.SH,山西焦化
002911.SZ,佛燃股份
300440.SZ,运达科技
300760.SZ,迈瑞医疗
300570.SZ,太辰光
300109.SZ,新开源
002827.SZ,高争民爆
600238.SH,ST椰岛
601988.SH,中国银行
600029.SH,南方航空
002124.SZ,天邦股份
002566.SZ,益盛药业
300153.SZ,科泰电源
300398.SZ,飞凯材料
300436.SZ,广生堂
600655.SH,豫园股份
002401.SZ,中远海科
000858.SZ,五粮液
601231.SH,环旭电子
300117.SZ,嘉寓股份
600572.SH,康恩贝
300074.SZ,华平股份
600660.SH,福耀玻璃
600078.SH,澄星股份
002802.SZ,洪汇新材
002297.SZ,博云新材
603068.SH,博通集成
000930.SZ,中粮生化
002409.SZ,雅克科技
300082.SZ,奥克股份
002888.SZ,惠威科技
603138.SH,海量数据
002606.SZ,大连电瓷
300753.SZ,爱朋医疗
600293.SH,三峡新材
600812.SH,华北制药
603726.SH,朗迪集团
300418.SZ,昆仑万维
000981.SZ,ST银亿
600548.SH,深高速
600998.SH,九州通
600479.SH,千金药业
300552.SZ,万集科技
603996.SH,中新科技
603033.SH,三维股份
600875.SH,东方电气
002542.SZ,中化岩土
002679.SZ,福建金森
600079.SH,人福医药
000538.SZ,云南白药
600819.SH,耀皮玻璃
300118.SZ,东方日升
600468.SH,百利电气
002260.SZ,*ST德奥
603936.SH,博敏电子
600848.SH,上海临港
600635.SH,大众公用
300313.SZ,天山生物
002099.SZ,海翔药业
000915.SZ,山大华特
002129.SZ,中环股份
300285.SZ,国瓷材料
600063.SH,皖维高新
603111.SH,康尼机电
000835.SZ,长城动漫
300228.SZ,富瑞特装
600066.SH,宇通客车
002375.SZ,亚厦股份
002671.SZ,龙泉股份
002698.SZ,博实股份
000803.SZ,金宇车城
002250.SZ,联化科技
600702.SH,舍得酒业
600985.SH,淮北矿业
600416.SH,湘电股份
600606.SH,绿地控股
000801.SZ,四川九洲
603227.SH,雪峰科技
300633.SZ,开立医疗
603718.SH,海利生物
300627.SZ,华测导航
600779.SH,水井坊
300083.SZ,劲胜智能
002448.SZ,中原内配
300717.SZ,华信新材
300590.SZ,移为通信
300145.SZ,中金环境
603633.SH,徕木股份
603668.SH,天马科技
002789.SZ,建艺集团
002554.SZ,惠博普
600383.SH,金地集团
601668.SH,中国建筑
600292.SH,远达环保
300269.SZ,联建光电
002508.SZ,老板电器
603908.SH,牧高笛
300367.SZ,东方网力
600048.SH,保利地产
002731.SZ,萃华珠宝
603500.SH,祥和实业
601038.SH,一拖股份
000615.SZ,京汉股份
002059.SZ,云南旅游
002132.SZ,恒星科技
001965.SZ,招商公路
601116.SH,三江购物
000758.SZ,中色股份
600340.SH,华夏幸福
600839.SH,四川长虹
600176.SH,中国巨石
300232.SZ,洲明科技
002641.SZ,永高股份
601633.SH,长城汽车
000961.SZ,中南建设
603829.SH,洛凯股份
603897.SH,长城科技
002317.SZ,众生药业
600714.SH,金瑞矿业
000760.SZ,*ST斯太
300677.SZ,英科医疗
002629.SZ,*ST仁智
600260.SH,凯乐科技
300642.SZ,透景生命
603040.SH,新坐标
300452.SZ,山河药辅
600252.SH,中恒集团
600624.SH,复旦复华
600516.SH,方大炭素
600724.SH,宁波富达
002054.SZ,德美化工
300260.SZ,新莱应材
600976.SH,健民集团
600365.SH,通葡股份
603003.SH,龙宇燃油
600284.SH,浦东建设
601838.SH,成都银行
002433.SZ,太安堂
603589.SH,口子窖
002509.SZ,天广中茂
002192.SZ,融捷股份
000626.SZ,远大控股
600363.SH,联创光电
002104.SZ,恒宝股份
300266.SZ,兴源环境
300616.SZ,尚品宅配
601788.SH,光大证券
300758.SZ,七彩化学
300225.SZ,金力泰
002669.SZ,康达新材
601377.SH,兴业证券
300325.SZ,德威新材
002572.SZ,索菲亚
600559.SH,老白干酒
000416.SZ,民生控股
300673.SZ,佩蒂股份
603626.SH,科森科技
000686.SZ,东北证券
600897.SH,厦门空港
000977.SZ,浪潮信息
600715.SH,文投控股
000001.SZ,平安银行
600372.SH,中航电子
000516.SZ,国际医学
300607.SZ,拓斯达
603335.SH,迪生力
601333.SH,广深铁路
300762.SZ,上海瀚讯
002695.SZ,煌上煌
300069.SZ,金利华电
600290.SH,华仪电气
603903.SH,中持股份
002815.SZ,崇达技术
300081.SZ,恒信东方
601137.SH,博威合金
600573.SH,惠泉啤酒
600255.SH,梦舟股份
300526.SZ,中潜股份
603887.SH,城地股份
002221.SZ,东华能源
300345.SZ,红宇新材
300078.SZ,思创医惠
600246.SH,万通地产
603929.SH,亚翔集成
600733.SH,北汽蓝谷
300561.SZ,汇金科技
603987.SH,康德莱
600035.SH,楚天高速
603700.SH,宁波水表
600966.SH,博汇纸业
600792.SH,云煤能源
603838.SH,四通股份
002688.SZ,金河生物
000635.SZ,英力特
300319.SZ,麦捷科技
002100.SZ,天康生物
600279.SH,重庆港九
000953.SZ,*ST河化
601298.SH,青岛港
600982.SH,宁波热电
603866.SH,桃李面包
603278.SH,大业股份
603569.SH,长久物流
600519.SH,贵州茅台
600838.SH,上海九百
603819.SH,神力股份
603869.SH,新智认知
002762.SZ,金发拉比
000002.SZ,万科A
600408.SH,ST安泰
600155.SH,华创阳安
600008.SH,首创股份
002053.SZ,云南能投
002635.SZ,安洁科技
000978.SZ,桂林旅游
300584.SZ,海辰药业
600677.SH,航天通信
600410.SH,华胜天成
300771.SZ,智莱科技
300175.SZ,朗源股份
600016.SH,民生银行
600278.SH,东方创业
600754.SH,锦江股份
600637.SH,东方明珠
600241.SH,时代万恒
000603.SZ,盛达矿业
300258.SZ,精锻科技
600543.SH,莫高股份
600382.SH,广东明珠
000982.SZ,*ST中绒
603976.SH,正川股份
002690.SZ,美亚光电
000821.SZ,京山轻机
600746.SH,江苏索普
300635.SZ,达安股份
000546.SZ,金圆股份
601019.SH,山东出版
600311.SH,荣华实业
002686.SZ,亿利达
300295.SZ,三六五网
600769.SH,祥龙电业
002095.SZ,生意宝
600027.SH,华电国际
002931.SZ,锋龙股份
000407.SZ,胜利股份
603901.SH,永创智能
300044.SZ,赛为智能
000892.SZ,欢瑞世纪
603136.SH,天目湖
600585.SH,海螺水泥
603179.SH,新泉股份
600801.SH,华新水泥
300381.SZ,溢多利
002478.SZ,常宝股份
000421.SZ,南京公用
000666.SZ,经纬纺机
601799.SH,星宇股份
002106.SZ,莱宝高科
603183.SH,建研院
002599.SZ,盛通股份
002412.SZ,汉森制药
002530.SZ,金财互联
300403.SZ,汉宇集团
603681.SH,永冠新材
600507.SH,方大特钢
600657.SH,信达地产
300326.SZ,凯利泰
000861.SZ,海印股份
002722.SZ,金轮股份
300638.SZ,广和通
300556.SZ,丝路视觉
600653.SH,申华控股
300606.SZ,金太阳
300603.SZ,立昂技术
002404.SZ,嘉欣丝绸
002007.SZ,华兰生物
002092.SZ,中泰化学
002884.SZ,凌霄泵业
600822.SH,上海物贸
300773.SZ,拉卡拉
000566.SZ,海南海药
603508.SH,思维列控
603713.SH,密尔克卫
600987.SH,航民股份
300659.SZ,中孚信息
000548.SZ,湖南投资
002653.SZ,海思科
300482.SZ,万孚生物
002866.SZ,传艺科技
300176.SZ,派生科技
000531.SZ,穗恒运A
002156.SZ,通富微电
603959.SH,百利科技
000937.SZ,冀中能源
601996.SH,丰林集团
300464.SZ,星徽精密
603299.SH,苏盐井神
600323.SH,瀚蓝环境
002725.SZ,跃岭股份
002026.SZ,山东威达
000528.SZ,柳工
600239.SH,云南城投
002126.SZ,银轮股份
002877.SZ,智能自控
000777.SZ,中核科技
300430.SZ,诚益通
603355.SH,莱克电气
002524.SZ,光正集团
600568.SH,中珠医疗
002663.SZ,普邦股份
600798.SH,宁波海运
002447.SZ,晨鑫科技
300573.SZ,兴齐眼药
002169.SZ,智光电气
000069.SZ,华侨城A
603496.SH,恒为科技
002821.SZ,凯莱英
000417.SZ,合肥百货
300698.SZ,万马科技
002817.SZ,黄山胶囊
000673.SZ,当代东方
603351.SH,威尔药业
300311.SZ,任子行
002575.SZ,群兴玩具
002828.SZ,贝肯能源
603517.SH,绝味食品
002218.SZ,拓日新能
002045.SZ,国光电器
002308.SZ,威创股份
600009.SH,上海机场
002329.SZ,皇氏集团
300114.SZ,中航电测
000521.SZ,长虹美菱
603106.SH,恒银金融
300532.SZ,今天国际
000722.SZ,湖南发展
000667.SZ,美好置业
300568.SZ,星源材质
603389.SH,亚振家居
600353.SH,旭光股份
000622.SZ,恒立实业
300321.SZ,同大股份
600398.SH,海澜之家
603678.SH,火炬电子
600409.SH,三友化工
002747.SZ,埃斯顿
300740.SZ,御家汇
300151.SZ,昌红科技
000533.SZ,顺钠股份
002112.SZ,三变科技
002305.SZ,南国置业
002181.SZ,粤传媒
002461.SZ,珠江啤酒
603359.SH,东珠生态
300450.SZ,先导智能
603988.SH,中电电机
000807.SZ,云铝股份
300581.SZ,晨曦航空
603321.SH,梅轮电梯
000790.SZ,泰合健康
600592.SH,龙溪股份
600070.SH,浙江富润
601398.SH,工商银行
600755.SH,厦门国贸
300091.SZ,金通灵
603899.SH,晨光文具
600119.SH,*ST长投
000969.SZ,安泰科技
600919.SH,江苏银行
300031.SZ,宝通科技
300161.SZ,华中数控
603979.SH,金诚信
002689.SZ,远大智能
002032.SZ,苏泊尔
603458.SH,勘设股份
002529.SZ,海源复材
002595.SZ,豪迈科技
300694.SZ,蠡湖股份
300663.SZ,科蓝软件
600678.SH,四川金顶
603566.SH,普莱柯
600100.SH,同方股份
000605.SZ,渤海股份
002513.SZ,蓝丰生化
002184.SZ,海得控制
600237.SH,铜峰电子
600165.SH,新日恒力
600928.SH,西安银行
002009.SZ,天奇股份
000070.SZ,特发信息
601666.SH,平煤股份
002314.SZ,南山控股
600422.SH,昆药集团
300572.SZ,安车检测
002302.SZ,西部建设
300705.SZ,九典制药
300623.SZ,捷捷微电
603260.SH,合盛硅业
000908.SZ,景峰医药
600185.SH,格力地产
002661.SZ,克明面业
000727.SZ,华东科技
002787.SZ,华源控股
601318.SH,中国平安
000301.SZ,东方盛虹
300545.SZ,联得装备
601179.SH,中国西电
300305.SZ,裕兴股份
000558.SZ,莱茵体育
300307.SZ,慈星股份
002397.SZ,梦洁股份
002203.SZ,海亮股份
300620.SZ,光库科技
603177.SH,德创环保
300364.SZ,中文在线
600362.SH,江西铜业
002788.SZ,鹭燕医药
600611.SH,大众交通
300505.SZ,川金诺
000973.SZ,佛塑科技
601100.SH,恒立液压
600887.SH,伊利股份
600262.SH,北方股份
300026.SZ,红日药业
600055.SH,万东医疗
000055.SZ,方大集团
601168.SH,西部矿业
002227.SZ,奥特迅
000990.SZ,诚志股份
002286.SZ,保龄宝
603958.SH,哈森股份
300442.SZ,普丽盛
600495.SH,晋西车轴
002346.SZ,柘中股份
603712.SH,七一二
000501.SZ,鄂武商A
000589.SZ,贵州轮胎
002294.SZ,信立泰
300362.SZ,天翔环境
603063.SH,禾望电气
300139.SZ,晓程科技
000680.SZ,山推股份
600565.SH,迪马股份
000068.SZ,华控赛格
000925.SZ,众合科技
002390.SZ,信邦制药
603393.SH,新天然气
002727.SZ,一心堂
300725.SZ,药石科技
600718.SH,东软集团
601878.SH,浙商证券
600399.SH,ST抚钢
002691.SZ,冀凯股份
300365.SZ,恒华科技
000902.SZ,新洋丰
300591.SZ,万里马
600128.SH,弘业股份
002668.SZ,奥马电器
000029.SZ,深深房A
600392.SH,盛和资源
603966.SH,法兰泰克
603001.SH,奥康国际
002438.SZ,江苏神通
600597.SH,光明乳业
002362.SZ,汉王科技
002662.SZ,京威股份
002322.SZ,理工环科
600866.SH,星湖科技
000543.SZ,皖能电力
000669.SZ,金鸿控股
603180.SH,金牌厨柜
603729.SH,龙韵股份
000782.SZ,美达股份
603717.SH,天域生态
002665.SZ,首航节能
601777.SH,力帆股份
600509.SH,天富能源
002204.SZ,大连重工
600477.SH,杭萧钢构
300045.SZ,华力创通
600805.SH,悦达投资
000922.SZ,佳电股份
600926.SH,杭州银行
600475.SH,华光股份
000007.SZ,全新好
000096.SZ,广聚能源
600562.SH,国睿科技
300634.SZ,彩讯股份
600211.SH,西藏药业
002577.SZ,雷柏科技
600313.SH,农发种业
603886.SH,元祖股份
002418.SZ,康盛股份
600775.SH,南京熊猫
300224.SZ,正海磁材
002516.SZ,旷达科技
600265.SH,ST景谷
300347.SZ,泰格医药
603029.SH,天鹅股份
600071.SH,凤凰光学
600326.SH,西藏天路
600811.SH,东方集团
300320.SZ,海达股份
002743.SZ,富煌钢构
000023.SZ,深天地A
600986.SH,科达股份
000428.SZ,华天酒店
002832.SZ,比音勒芬
000987.SZ,越秀金控
002339.SZ,积成电子
002149.SZ,西部材料
002900.SZ,哈三联
002185.SZ,华天科技
002940.SZ,昂利康
300202.SZ,聚龙股份
600011.SH,华能国际
600151.SH,航天机电
300549.SZ,优德精密
002451.SZ,摩恩电气
600466.SH,蓝光发展
002381.SZ,双箭股份
300195.SZ,长荣股份
300769.SZ,德方纳米
600007.SH,中国国贸
300368.SZ,汇金股份
000422.SZ,ST宜化
002476.SZ,宝莫股份
300600.SZ,瑞特股份
300525.SZ,博思软件
000613.SZ,大东海A
603026.SH,石大胜华
000955.SZ,欣龙控股
300003.SZ,乐普医疗
300453.SZ,三鑫医疗
300394.SZ,天孚通信
000639.SZ,西王食品
600814.SH,杭州解百
000948.SZ,南天信息
300658.SZ,延江股份
002144.SZ,宏达高科
600352.SH,浙江龙盛
002584.SZ,西陇科学
300651.SZ,金陵体育
300124.SZ,汇川技术
000014.SZ,沙河股份
300097.SZ,智云股份
002915.SZ,中欣氟材
000638.SZ,万方发展
300523.SZ,辰安科技
603768.SH,常青股份
600691.SH,阳煤化工
000683.SZ,远兴能源
603922.SH,金鸿顺
603912.SH,佳力图
002411.SZ,延安必康
300152.SZ,科融环境
002741.SZ,光华科技
600765.SH,中航重机
002055.SZ,得润电子
600620.SH,天宸股份
002278.SZ,神开股份
603611.SH,诺力股份
002943.SZ,宇晶股份
300708.SZ,聚灿光电
002276.SZ,万马股份
601727.SH,上海电气
300105.SZ,龙源技术
603909.SH,合诚股份
002857.SZ,三晖电气
600764.SH,中国海防
603059.SH,倍加洁
601138.SH,工业富联
600853.SH,龙建股份
002480.SZ,新筑股份
600272.SH,开开实业
600395.SH,盘江股份
601952.SH,苏垦农发
601127.SH,小康股份
002415.SZ,海康威视
300280.SZ,紫天科技
300690.SZ,双一科技
000032.SZ,深桑达A
300759.SZ,康龙化成
300328.SZ,宜安科技
600456.SH,宝钛股份
601188.SH,龙江交通
002897.SZ,意华股份
002865.SZ,钧达股份
600280.SH,中央商场
300444.SZ,双杰电气
002510.SZ,天汽模
603917.SH,合力科技
002057.SZ,中钢天源
002537.SZ,海联金汇
603037.SH,凯众股份
600375.SH,华菱星马
002484.SZ,江海股份
300065.SZ,海兰信
601068.SH,中铝国际
600338.SH,西藏珠峰
002457.SZ,青龙管业
000631.SZ,顺发恒业
000530.SZ,大冷股份
600583.SH,海油工程
000027.SZ,深圳能源
000088.SZ,盐田港
300655.SZ,晶瑞股份
300056.SZ,三维丝
603701.SH,德宏股份
601818.SH,光大银行
002392.SZ,北京利尔
000690.SZ,宝新能源
002147.SZ,ST新光
000767.SZ,漳泽电力
002673.SZ,西部证券
002903.SZ,宇环数控
600936.SH,广西广电
603612.SH,索通发展
300723.SZ,一品红
603056.SH,德邦股份
300670.SZ,大烨智能
002526.SZ,山东矿机
000968.SZ,蓝焰控股
002073.SZ,软控股份
002166.SZ,莱茵生物
000671.SZ,阳光城
002176.SZ,江特电机
000768.SZ,中航飞机
002772.SZ,众兴菌业
300770.SZ,新媒股份
002740.SZ,爱迪尔
601003.SH,柳钢股份
300486.SZ,东杰智能
300712.SZ,永福股份
603680.SH,今创集团
000920.SZ,南方汇通
000811.SZ,冰轮环境
000537.SZ,广宇发展
600212.SH,江泉实业
000596.SZ,古井贡酒
002351.SZ,漫步者
600230.SH,沧州大化
002767.SZ,先锋电子
000810.SZ,创维数字
600480.SH,凌云股份
600360.SH,华微电子
000736.SZ,中交地产
603518.SH,维格娜丝
002816.SZ,和科达
603520.SH,司太立
002755.SZ,奥赛康
600059.SH,古越龙山
600868.SH,梅雁吉祥
300183.SZ,东软载波
603858.SH,步长制药
002015.SZ,霞客环保
000066.SZ,中国长城
002253.SZ,川大智胜
300678.SZ,中科信息
300711.SZ,广哈通信
002298.SZ,中电兴发
600094.SH,大名城
601860.SH,紫金银行
300172.SZ,中电环保
603685.SH,晨丰科技
600785.SH,新华百货
600193.SH,ST创兴
600609.SH,金杯汽车
600888.SH,新疆众和
002906.SZ,华阳集团
300746.SZ,汉嘉设计
300036.SZ,超图软件
603036.SH,如通股份
002667.SZ,鞍重股份
601966.SH,玲珑轮胎
002187.SZ,广百股份
300613.SZ,富瀚微
600537.SH,亿晶光电
603916.SH,苏博特
600582.SH,天地科技
002122.SZ,*ST天马
603839.SH,安正时尚
000058.SZ,深赛格
002761.SZ,多喜爱
600517.SH,置信电气
002852.SZ,道道全
300249.SZ,依米康
600405.SH,动力源
300125.SZ,易世达
600634.SH,*ST富控
603986.SH,兆易创新
300490.SZ,华自科技
002568.SZ,百润股份
300199.SZ,翰宇药业
603383.SH,顶点软件
600826.SH,兰生股份
000681.SZ,视觉中国
000616.SZ,海航投资
002746.SZ,仙坛股份
601010.SH,文峰股份
603090.SH,宏盛股份
002693.SZ,双成药业
600068.SH,葛洲坝
300485.SZ,赛升药业
600103.SH,青山纸业
002082.SZ,万邦德
300466.SZ,赛摩电气
002075.SZ,沙钢股份
002115.SZ,三维通信
000881.SZ,中广核技
300357.SZ,我武生物
600846.SH,同济科技
002845.SZ,同兴达
600988.SH,赤峰黄金
603585.SH,苏利股份
603088.SH,宁波精达
002733.SZ,雄韬股份
002651.SZ,利君股份
002636.SZ,金安国纪
002171.SZ,楚江新材
002907.SZ,华森制药
603689.SH,皖天然气
000429.SZ,粤高速A
601311.SH,骆驼股份
002556.SZ,辉隆股份
600088.SH,中视传媒
300149.SZ,量子生物
000620.SZ,新华联
002058.SZ,威尔泰
000426.SZ,兴业矿业
300413.SZ,芒果超媒
600393.SH,粤泰股份
002261.SZ,拓维信息
000656.SZ,金科股份
000963.SZ,华东医药
002240.SZ,威华股份
603733.SH,仙鹤股份
300535.SZ,达威股份
601108.SH,财通证券
600153.SH,建发股份
603679.SH,华体科技
601800.SH,中国交建
300451.SZ,创业慧康
300369.SZ,绿盟科技
603648.SH,畅联股份
002839.SZ,张家港行
600594.SH,益佰制药
002319.SZ,乐通股份
002155.SZ,湖南黄金
600187.SH,国中水务
600673.SH,东阳光
600651.SH,飞乐音响
000652.SZ,泰达股份
000812.SZ,陕西金叶
002131.SZ,利欧股份
300427.SZ,红相股份
300488.SZ,恒锋工具
300674.SZ,宇信科技
000539.SZ,粤电力A
000565.SZ,渝三峡A
002306.SZ,*ST云网
300409.SZ,道氏技术
600777.SH,新潮能源
300538.SZ,同益股份
002071.SZ,长城影视
600220.SH,江苏阳光
600221.SH,海航控股
000688.SZ,国城矿业
300001.SZ,特锐德
000726.SZ,鲁泰A
300446.SZ,乐凯新材
600121.SH,郑州煤电
600622.SH,光大嘉宝
600281.SH,太化股份
600269.SH,赣粤高速
002383.SZ,合众思壮
002797.SZ,第一创业
002920.SZ,德赛西威
002081.SZ,金螳螂
600909.SH,华安证券
600933.SH,爱柯迪
300471.SZ,厚普股份
603663.SH,三祥新材
600732.SH,ST新梅
300628.SZ,亿联网络
300341.SZ,麦克奥迪
300680.SZ,隆盛科技
001979.SZ,招商蛇口
603129.SH,春风动力
002628.SZ,成都路桥
000766.SZ,通化金马
000573.SZ,粤宏远A
300380.SZ,安硕信息
300575.SZ,中旗股份
002581.SZ,未名医药
002035.SZ,华帝股份
000823.SZ,超声电子
300543.SZ,朗科智能
000597.SZ,东北制药
601518.SH,吉林高速
002493.SZ,荣盛石化
000762.SZ,西藏矿业
600022.SH,山东钢铁
600171.SH,上海贝岭
300521.SZ,爱司凯
603608.SH,天创时尚
600759.SH,洲际油气
002681.SZ,奋达科技
002113.SZ,ST天润
600010.SH,包钢股份
600621.SH,华鑫股份
603028.SH,赛福天
002870.SZ,香山股份
000012.SZ,南玻A
603843.SH,正平股份
600863.SH,内蒙华电
603313.SH,梦百合
300756.SZ,中山金马
002646.SZ,青青稞酒
600984.SH,建设机械
603326.SH,我乐家居
300254.SZ,仟源医药
600317.SH,营口港
603099.SH,长白山
603505.SH,金石资源
600523.SH,贵航股份
600743.SH,华远地产
002391.SZ,长青股份
601005.SH,重庆钢铁
300447.SZ,全信股份
300546.SZ,雄帝科技
600060.SH,海信电器
600377.SH,宁沪高速
601669.SH,中国电建
300203.SZ,聚光科技
603580.SH,艾艾精工
002423.SZ,中原特钢
002396.SZ,星网锐捷
000553.SZ,安道麦A
300438.SZ,鹏辉能源
603601.SH,再升科技
601098.SH,中南传媒
000608.SZ,阳光股份
601330.SH,绿色动力
600744.SH,华银电力
000514.SZ,渝开发
603058.SH,永吉股份
002724.SZ,海洋王
000800.SZ,一汽轿车
603711.SH,香飘飘
002717.SZ,岭南股份
002937.SZ,兴瑞科技
601689.SH,拓普集团
600566.SH,济川药业
300703.SZ,创源文化
002096.SZ,南岭民爆
600781.SH,辅仁药业
002552.SZ,宝鼎科技
603856.SH,东宏股份
601677.SH,明泰铝业
000731.SZ,四川美丰
600227.SH,圣济堂
300159.SZ,新研股份
300745.SZ,欣锐科技
603199.SH,九华旅游
002644.SZ,佛慈制药
603069.SH,海汽集团
002034.SZ,旺能环境
000903.SZ,云内动力
300342.SZ,天银机电
600406.SH,国电南瑞
002608.SZ,江苏国信
002046.SZ,轴研科技
600249.SH,两面针
300752.SZ,隆利科技
002546.SZ,新联电子
603558.SH,健盛集团
300676.SZ,华大基因
000670.SZ,*ST盈方
300309.SZ,吉艾科技
300264.SZ,佳创视讯
002338.SZ,奥普光电
601898.SH,中煤能源
002021.SZ,*ST中捷
300515.SZ,三德科技
000839.SZ,中信国安
601258.SH,庞大集团
300237.SZ,美晨生态
002812.SZ,恩捷股份
002560.SZ,通达股份
600745.SH,闻泰科技
002264.SZ,新华都
002775.SZ,文科园林
600917.SH,重庆燃气
002847.SZ,盐津铺子
000869.SZ,张裕A
300617.SZ,安靠智电
300528.SZ,幸福蓝海
002728.SZ,特一药业
600017.SH,日照港
601990.SH,南京证券
600149.SH,ST坊展
002620.SZ,瑞和股份
600856.SH,中天能源
002583.SZ,海能达
603208.SH,江山欧派
300297.SZ,蓝盾股份
002829.SZ,星网宇达
300098.SZ,高新兴
300699.SZ,光威复材
002573.SZ,清新环境
002111.SZ,威海广泰
002896.SZ,中大力德
603728.SH,鸣志电器
300531.SZ,优博讯
300489.SZ,中飞股份
601601.SH,中国太保
000529.SZ,广弘控股
300054.SZ,鼎龙股份
300739.SZ,明阳电路
300500.SZ,启迪设计
600738.SH,兰州民百
600600.SH,青岛啤酒
002932.SZ,明德生物
600493.SH,凤竹纺织
300419.SZ,浩丰科技
300454.SZ,深信服
300476.SZ,胜宏科技
600864.SH,哈投股份
603186.SH,华正新材
601177.SH,杭齿前进
603900.SH,莱绅通灵
002473.SZ,圣莱达
603878.SH,武进不锈
000733.SZ,振华科技
000568.SZ,泸州老窖
603890.SH,春秋电子
601989.SH,中国重工
600259.SH,广晟有色
300510.SZ,金冠股份
600004.SH,白云机场
600880.SH,博瑞传播
002085.SZ,万丰奥威
600386.SH,北巴传媒
300035.SZ,中科电气
002871.SZ,伟隆股份
000625.SZ,长安汽车
002408.SZ,齐翔腾达
000856.SZ,冀东装备
002930.SZ,宏川智慧
603055.SH,台华新材
002922.SZ,伊戈尔
600400.SH,红豆股份
300070.SZ,碧水源
000524.SZ,岭南控股
600081.SH,东风科技
300649.SZ,杭州园林
002268.SZ,卫士通
002700.SZ,新疆浩源
600322.SH,天房发展
002159.SZ,三特索道
002140.SZ,东华科技
002189.SZ,利达光电
600487.SH,亨通光电
300553.SZ,集智股份
002809.SZ,红墙股份
002564.SZ,天沃科技
002533.SZ,金杯电工
000993.SZ,闽东电力
600470.SH,六国化工
000862.SZ,银星能源
300689.SZ,澄天伟业
002038.SZ,双鹭药业
300530.SZ,达志科技
600710.SH,苏美达
600354.SH,敦煌种业
002499.SZ,*ST科林
601866.SH,中远海发
300716.SZ,国立科技
002243.SZ,通产丽星
600197.SH,伊力特
600240.SH,*ST华业
603133.SH,碳元科技
603045.SH,福达合金
603303.SH,得邦照明
002217.SZ,合力泰
600189.SH,吉林森工
002168.SZ,惠程科技
000850.SZ,华茂股份
601882.SH,海天精工
300132.SZ,青松股份
001896.SZ,豫能控股
000786.SZ,北新建材
300748.SZ,金力永磁
002838.SZ,道恩股份
300767.SZ,震安科技
300757.SZ,罗博特科
002899.SZ,英派斯
300383.SZ,光环新网
600531.SH,豫光金铅
002449.SZ,国星光电
603015.SH,弘讯科技
300041.SZ,回天新材
600370.SH,三房巷
000701.SZ,厦门信达
300025.SZ,华星创业
002274.SZ,华昌化工
600426.SH,华鲁恒升
300185.SZ,通裕重工
603586.SH,金麒麟
603730.SH,岱美股份
002013.SZ,中航机电
601366.SH,利群股份
000755.SZ,山西路桥
300168.SZ,万达信息
603822.SH,嘉澳环保
600729.SH,重庆百货
002752.SZ,N兴股份
600170.SH,上海建工
600825.SH,新华传媒
000980.SZ,众泰汽车
002672.SZ,东江环保
300479.SZ,神思电子
603131.SH,上海沪工
300131.SZ,英唐智控
002123.SZ,梦网集团
600096.SH,云天化
000557.SZ,西部创业
002090.SZ,金智科技
002136.SZ,安纳达
000715.SZ,中兴商业
600305.SH,恒顺醋业
600381.SH,青海春天
002886.SZ,沃特股份
603360.SH,百傲化学
600684.SH,珠江实业
300727.SZ,润禾材料
300111.SZ,向日葵
600190.SH,锦州港
002861.SZ,瀛通通讯
601949.SH,中国出版
002141.SZ,贤丰控股
002029.SZ,七匹狼
300648.SZ,星云股份
603369.SH,今世缘
600051.SH,宁波联合
002951.SZ,金时科技
000759.SZ,中百集团
603896.SH,寿仙谷
000720.SZ,新能泰山
603021.SH,山东华鹏
000875.SZ,吉电股份
002594.SZ,比亚迪
002571.SZ,德力股份
002522.SZ,浙江众成
002145.SZ,中核钛白
600000.SH,浦发银行
300414.SZ,中光防雷
300143.SZ,星普医科
002939.SZ,长城证券
600802.SH,福建水泥
600530.SH,交大昂立
002443.SZ,金洲管道
000606.SZ,顺利办
600462.SH,*ST九有
603223.SH,恒通股份
600847.SH,万里股份
000510.SZ,金路集团
300198.SZ,纳川股份
000567.SZ,海德股份
603002.SH,宏昌电子
600191.SH,华资实业
300063.SZ,天龙集团
002751.SZ,易尚展示
600285.SH,羚锐制药
002619.SZ,艾格拉斯
002902.SZ,铭普光磁
002676.SZ,顺威股份
300048.SZ,合康新能
300455.SZ,康拓红外
603117.SH,万林物流
600105.SH,永鼎股份
600726.SH,*ST华源
600713.SH,南京医药
300625.SZ,三雄极光
600107.SH,美尔雅
600180.SH,瑞茂通
600719.SH,大连热电
600232.SH,金鹰股份
002283.SZ,天润曲轴
600527.SH,江南高纤
603078.SH,江化微
300377.SZ,赢时胜
002142.SZ,宁波银行
600533.SH,栖霞建设
300475.SZ,聚隆科技
002437.SZ,誉衡药业
600614.SH,*ST鹏起
000517.SZ,荣安地产
300750.SZ,宁德时代
002549.SZ,凯美特气
002713.SZ,东易日盛
002275.SZ,桂林三金
603683.SH,晶华新材
600030.SH,中信证券
600797.SH,浙大网新
600981.SH,汇鸿集团
002247.SZ,聚力文化
002067.SZ,景兴纸业
002405.SZ,四维图新
300431.SZ,暴风集团
000729.SZ,燕京啤酒
300713.SZ,英可瑞
600836.SH,界龙实业
600851.SH,海欣股份
002028.SZ,思源电气
600867.SH,通化东宝
000089.SZ,深圳机场
603926.SH,铁流股份
603277.SH,银都股份
002633.SZ,申科股份
603160.SH,汇顶科技
002280.SZ,联络互动
002407.SZ,多氟多
600869.SH,智慧能源
300529.SZ,健帆生物
002213.SZ,特尔佳
002862.SZ,实丰文化
600895.SH,张江高科
002938.SZ,鹏鼎控股
300662.SZ,科锐国际
300493.SZ,润欣科技
300387.SZ,富邦股份
603050.SH,科林电气
300706.SZ,阿石创
002500.SZ,山西证券
600780.SH,通宝能源
002376.SZ,新北洋
600423.SH,*ST柳化
603232.SH,格尔软件
300235.SZ,方直科技
002952.SZ,亚世光电
300645.SZ,正元智慧
300517.SZ,海波重科
603699.SH,纽威股份
600828.SH,茂业商业
601066.SH,中信建投
300397.SZ,天和防务
300191.SZ,潜能恒信
002637.SZ,赞宇科技
601113.SH,华鼎股份
600859.SH,王府井
603006.SH,联明股份
002413.SZ,雷科防务
002780.SZ,三夫户外
600371.SH,万向德农
002020.SZ,京新药业
002377.SZ,国创高新
600489.SH,中金黄金
300072.SZ,三聚环保
002611.SZ,东方精工
300113.SZ,顺网科技
601595.SH,上海电影
000017.SZ,深中华A
300672.SZ,国科微
300008.SZ,天海防务
000815.SZ,美利云
601700.SH,风范股份
000682.SZ,东方电子
300719.SZ,安达维尔
002303.SZ,美盈森
603536.SH,惠发股份
600705.SH,中航资本
000584.SZ,哈工智能
300028.SZ,金亚科技
300691.SZ,联合光电
002231.SZ,奥维通信
300577.SZ,开润股份
000037.SZ,深南电A
002778.SZ,高科石化
002658.SZ,雪迪龙
002745.SZ,木林森
002876.SZ,三利谱
000788.SZ,北大医药
002386.SZ,天原集团
300080.SZ,易成新能
000880.SZ,潍柴重机
300018.SZ,中元股份
600500.SH,中化国际
600835.SH,上海机电
600855.SH,航天长峰
002458.SZ,益生股份
000636.SZ,风华高科
002466.SZ,天齐锂业
000418.SZ,小天鹅A
300688.SZ,创业黑马
300562.SZ,乐心医疗
300679.SZ,电连技术
300460.SZ,惠伦晶体
601028.SH,玉龙股份
603105.SH,芯能科技
600169.SH,太原重工
300148.SZ,天舟文化
600131.SH,岷江水电
300558.SZ,贝达药业
000928.SZ,中钢国际
002422.SZ,科伦药业
300499.SZ,高澜股份
603788.SH,宁波高发
603997.SH,继峰股份
600012.SH,皖通高速
002918.SZ,蒙娜丽莎
002631.SZ,德尔未来
002471.SZ,中超控股
002008.SZ,大族激光
002942.SZ,新农股份
002109.SZ,兴化股份
300221.SZ,银禧科技
002770.SZ,科迪乳业
000586.SZ,汇源通信
300647.SZ,超频三
002807.SZ,江阴银行
002225.SZ,濮耐股份
600455.SH,博通股份
601872.SH,招商轮船
002246.SZ,北化股份
601688.SH,华泰证券
600054.SH,黄山旅游
300016.SZ,北陆药业
600588.SH,用友网络
002771.SZ,真视通
300667.SZ,必创科技
002759.SZ,天际股份
300231.SZ,银信科技
002273.SZ,水晶光电
002197.SZ,证通电子
600033.SH,福建高速
300050.SZ,世纪鼎利
603128.SH,华贸物流
002842.SZ,翔鹭钨业
002130.SZ,沃尔核材
002474.SZ,榕基软件
002097.SZ,山河智能
600064.SH,南京高科
002541.SZ,鸿路钢构
002652.SZ,扬子新材
603515.SH,欧普照明
002366.SZ,台海核电
002632.SZ,道明光学
600355.SH,精伦电子
300426.SZ,唐德影视
000923.SZ,河北宣工
002616.SZ,长青集团
000020.SZ,深华发A
000931.SZ,中关村
300268.SZ,佳沃股份
002234.SZ,民和股份
600358.SH,国旅联合
603233.SH,大参林
600275.SH,ST昌鱼
002459.SZ,天业通联
603022.SH,新通联
002598.SZ,山东章鼓
600973.SH,宝胜股份
603993.SH,洛阳钼业
600369.SH,西南证券
600025.SH,华能水电
002626.SZ,金达威
601877.SH,正泰电器
300360.SZ,炬华科技
002128.SZ,露天煤业
002748.SZ,世龙实业
600111.SH,北方稀土
002245.SZ,澳洋顺昌
002589.SZ,瑞康医药
600019.SH,宝钢股份
600291.SH,西水股份
002697.SZ,红旗连锁
000912.SZ,泸天化
600118.SH,中国卫星
600874.SH,创业环保
002735.SZ,王子新材
002808.SZ,恒久科技
600841.SH,上柴股份
603345.SH,安井食品
300130.SZ,新国都
000756.SZ,新华制药
000016.SZ,深康佳A
600706.SH,曲江文旅
300163.SZ,先锋新材
002107.SZ,沃华医药
300282.SZ,三盛教育
002774.SZ,快意电梯
002657.SZ,中科金财
600198.SH,大唐电信
600031.SH,三一重工
002848.SZ,高斯贝尔
002357.SZ,富临运业
600538.SH,国发股份
002233.SZ,塔牌集团
600722.SH,金牛化工
002398.SZ,建研集团
300496.SZ,中科创达
603859.SH,能科股份
300340.SZ,科恒股份
600300.SH,维维股份
002348.SZ,高乐股份
002352.SZ,顺丰控股
000797.SZ,中国武夷
000909.SZ,数源科技
600640.SH,号百控股
002178.SZ,延华智能
600791.SH,京能置业
300350.SZ,华鹏飞
600502.SH,安徽水利
603041.SH,美思德
002515.SZ,金字火腿
600018.SH,上港集团
002953.SZ,日丰股份
603665.SH,康隆达
002563.SZ,森马服饰
000045.SZ,深纺织A
600256.SH,广汇能源
300652.SZ,雷迪克
603238.SH,诺邦股份
300661.SZ,圣邦股份
603444.SH,吉比特
000886.SZ,海南高速
002173.SZ,创新医疗
002685.SZ,华东重机
002588.SZ,史丹利
002454.SZ,松芝股份
002664.SZ,长鹰信质
600865.SH,百大集团
600782.SH,新钢股份
002796.SZ,世嘉科技
603602.SH,纵横通信
600995.SH,文山电力
601012.SH,隆基股份
002157.SZ,正邦科技
603811.SH,诚意药业
300233.SZ,金城医药
600697.SH,欧亚集团
002388.SZ,新亚制程
603027.SH,千禾味业
600616.SH,金枫酒业
603225.SH,新凤鸣
300217.SZ,东方电热
600589.SH,广东榕泰
002739.SZ,万达电影
000534.SZ,万泽股份
002607.SZ,中公教育
600226.SH,瀚叶股份
002643.SZ,万润股份
300491.SZ,通合科技
603098.SH,森特股份
603289.SH,泰瑞机器
002603.SZ,以岭药业
002174.SZ,游族网络
300501.SZ,海顺新材
002504.SZ,弘高创意
300567.SZ,精测电子
300165.SZ,天瑞仪器
002830.SZ,名雕股份
300057.SZ,万顺股份
002783.SZ,凯龙股份
600794.SH,保税科技
002506.SZ,协鑫集成
601880.SH,大连港
300243.SZ,瑞丰高材
600209.SH,ST罗顿
600332.SH,白云山
002209.SZ,达意隆
600965.SH,福成股份
002929.SZ,润建股份
002089.SZ,*ST新海
603118.SH,共进股份
600610.SH,*ST毅达
002538.SZ,司尔特
002206.SZ,海利得
000572.SZ,*ST海马
603877.SH,太平鸟
000737.SZ,ST南风
600595.SH,*ST中孚
002853.SZ,皮阿诺
600990.SH,四创电子
603968.SH,醋化股份
000006.SZ,深振业A
002469.SZ,三维工程
300322.SZ,硕贝德
002056.SZ,横店东磁
600461.SH,洪城水业
603810.SH,丰山集团
300277.SZ,海联讯
600893.SH,航发动力
002267.SZ,陕天然气
603198.SH,迎驾贡酒
600652.SH,*ST游久
300541.SZ,先进数通
300589.SZ,江龙船艇
600871.SH,石化油服
600579.SH,天华院
600665.SH,天地源
000333.SZ,美的集团
601128.SH,常熟银行
000700.SZ,模塑科技
600536.SH,中国软件
600418.SH,江淮汽车
603189.SH,网达软件
002153.SZ,石基信息
601828.SH,美凯龙
002456.SZ,欧菲光
002263.SZ,*ST东南
603567.SH,珍宝岛
603776.SH,永安行
600397.SH,安源煤业
300686.SZ,智动力
002102.SZ,ST冠福
600082.SH,海泰发展
002909.SZ,集泰股份
601908.SH,京运通
603919.SH,金徽酒
600556.SH,ST慧球
000895.SZ,双汇发展
002117.SZ,东港股份
002553.SZ,南方轴承
000062.SZ,深圳华强
002223.SZ,鱼跃医疗
000551.SZ,创元科技
600999.SH,招商证券
300639.SZ,凯普生物
603659.SH,璞泰来
300002.SZ,神州泰岳
601326.SH,秦港股份
600020.SH,中原高速
000966.SZ,长源电力
600980.SH,北矿科技
002255.SZ,海陆重工
300173.SZ,智慧松德
300058.SZ,蓝色光标
300271.SZ,华宇软件
601558.SH,ST锐电
000952.SZ,广济药业
300378.SZ,鼎捷软件
000776.SZ,广发证券
600403.SH,大有能源
600731.SH,湖南海利
300067.SZ,安诺其
002645.SZ,华宏科技
300684.SZ,中石科技
002875.SZ,安奈儿
600289.SH,*ST信通
300514.SZ,友讯达
603806.SH,福斯特
300582.SZ,英飞特
600721.SH,*ST百花
601011.SH,宝泰隆
603808.SH,歌力思
601975.SH,招商南油
600467.SH,好当家
601099.SH,太平洋
600327.SH,大东方
000402.SZ,金融街
300275.SZ,梅安森
002570.SZ,贝因美
300201.SZ,海伦哲
300171.SZ,东富龙
603722.SH,阿科力
600983.SH,惠而浦
002188.SZ,*ST巴士
600085.SH,同仁堂
002399.SZ,海普瑞
600336.SH,澳柯玛
002224.SZ,三力士
600510.SH,黑牡丹
600234.SH,*ST山水
600558.SH,大西洋
600717.SH,天津港
300596.SZ,利安隆
600091.SH,ST明科
300629.SZ,新劲刚
600612.SH,老凤祥
002165.SZ,红宝丽
601519.SH,大智慧
600628.SH,新世界
300207.SZ,欣旺达
002470.SZ,金正大
000655.SZ,金岭矿业
